{"SkyWalking": 0.6757868891010799, "S4": 0.6225069592889142, "HAWQ": 0.7750158015676828, "Druid": 0.6311184949831596, "Brooklyn": 0.6239439573437068, "Warble": 0.8097683072749798, "Tez": 0.7447930102527505, "Hama": 0.5700659931806256, "Atlas": 0.7016812555206803, "odf": 0.6309589885103405, "Celix": 0.5976813049810296, "bookkeeper": 0.5991600341453664, "Unomi": 0.605746172148792, "DataFu": 0.5813084684567732, "Wink": 0.6690730646186893, "IoTDB": 0.5328238448048896, "Geode": 0.8062405706746508, "Solr": 0.5626162176254388, "Tamaya": 0.5611564317333136, "ActiveMQ": 0.582458317257335, "Jena": 0.5184782074330777, "Airavata": 0.6579031624840902, "MRQL": 0.6201848770035475, "Graffito": 0.6115075193747491, "Iceberg": 0.6733561681994985, "trafficcontrol": 0.7279803493708101, "Synapse": 0.6442497921440405, "TinkerPop": 0.5626578883990614, "Tuscany": 0.5504254085965841, "Joshua": 0.5773163542499964, "Guacamole": 0.6118608750817265, "Mesos": 0.5397696764557631, "Taverna": 0.5813012714508757, "VXQuery": 0.7053719008681171, "Thrift": 0.6781781687937826, "NPanday": 0.5979634988056727, "Hudi": 0.6077422421504505, "cmda": 0.7878192031839242, "Libcloud": 0.7530732166856721, "Gobblin": 0.7153046478542614, "Airflow": 0.6611809856118063, "Clerezza": 0.6384146913962846, "juddi": 0.7847860958390622, "Quickstep": 0.6682927917057491, "VCL": 0.6859553943480161, "MetaModel": 0.537497618080398, "S2Graph": 0.7325271165878953, "NetBeans": 0.5924271015077894, "Stanbol": 0.6320480162391154, "River": 0.7302478258868584, "PredictionIO": 0.6081680596089044, "Kitty": 0.7125738610319361, "UIMA": 0.5341703932748879, "Flume": 0.7097786602464036, "Etch": 0.6272478728023477, "Cordova": 0.6786898882328407, "Weex": 0.6073473128853059, "Shiro": 0.5031520190526029, "Nuvem": 0.7519080736178524, "Omid": 0.8038272825103122, "trafficserver": 0.6497544317595368, "ant": 0.757122034573069, "empire": 0.5010827689347512, "marmotta": 0.5837263358629254, "SAMOA": 0.6235694567498962, "Derby": 0.6551791166487887, "Falcon": 0.6974721820490914, "Olingo": 0.7364947789378538, "Edgent": 0.6140501507206754, "HCatalog": 0.6718594409031514, "Myriad": 0.7150434089666712, "Rya": 0.7031063296281611, "MRUnit": 0.6954655621685255, "Beam": 0.6772968044850992, "climate": 0.7184104802070809, "Daffodil": 0.5688053673386289, "JDO": 0.6223673735072632, "MADlib": 0.7188919135166938, "Ratis": 0.706769161916481, "Agila": 0.7267044960192265, "Tephra": 0.694440341018885, "NMaven": 0.578959271439424, "PhotArk": 0.5850241185148582, "Mnemonic": 0.7475049193698813, "OFBiz": 0.6204386912008822, "Parquet": 0.703554966029602, "Mynewt": 0.6618263344274642, "Lens": 0.6475243786842525, "OpenJPA": 0.6263175709258593, "Ranger": 0.6604017925031157, "Blur": 0.5266734716655384, "SIS": 0.6707726992430905, "Isis": 0.585509600700605, "Kato": 0.6510460706737515, "Click": 0.5617385623157743, "AriaTosca": 0.6596677527160024, "depot": 0.681691082352543, "Yoko": 0.7288524846344758, "Openmeetings": 0.5239148517906511, "Crunch": 0.5497220197900295, "Onami": 0.6557122137815864, "DolphinScheduler": 0.7084013804142467, "FreeMarker": 0.5472208915555957, "Griffin": 0.6447950120044399, "Shindig": 0.6370698741501144, "ServiceComb": 0.6567683443076887, "Fluo": 0.6844521128498574, "ACE": 0.6789231181282053, "Qpid": 0.6366441507097796, "DeltaSpike": 0.6065010139718108, "Stonehenge": 0.7377054024626036, "Imperius": 0.6752274256616184, "Wave": 0.7049781218781435, "ECharts": 0.5678880204621867, "AsterixDB": 0.7074992198698854, "Chemistry": 0.7339579871783811, "Kalumet": 0.7091983220584592, "Superset": 0.6812852795558175, "REEF": 0.6266479323292451, "Olio": 0.7057560194087654, "lucenenet": 0.666487267114514, "Knox": 0.5668834861448153, "CloudStack": 0.6743525163962206, "Slider": 0.6462869273332589, "Directory": 0.5891918322896833, "JSPWiki": 0.5093318596555559, "Cayenne": 0.5392171198981403, "ShardingSphere": 0.6023863447444029, "Phoenix": 0.697812973421701, "Groovy": 0.6719948649718739, "oltu": 0.6227960445550327, "Metron": 0.6537771426410952, "Amaterasu": 0.711104710783381, "Giraph": 0.6070144691051733, "cTAKES": 0.6323702310429984, "Oozie": 0.6192489142756022, "Streams": 0.6974161278506759, "HTrace": 0.7047385325502062, "Calcite": 0.5641442845646474, "SINGA": 0.6623798702318823, "Kylin": 0.7137587759064687, "Tajo": 0.6138840356128475, "Kudu": 0.6576652074156716, "Ivy": 0.5326466243711888, "Accumulo": 0.7123531778411074, "Impala": 0.706592989475404, "BatchEE": 0.5509564363711953, "Helix": 0.673127100432193, "lenya": 0.5396074935872598, "iota": 0.7259283434430704, "Allura": 0.5954872405736037, "Chukwa": 0.6086640048362992, "DeviceMap": 0.5165406248504233, "RocketMQ": 0.6870358607439022, "Wookie": 0.5285067454505032, "Twill": 0.6142317378309262, "stdcxx": 0.4275027446052541, "OODT": 0.7490554248263342, "PDFBox": 0.6552449815254324, "CouchDB": 0.6804316245626061, "ManifoldCF": 0.5303158342796677, "Bluesky": 0.7426788552191242, "Samza": 0.5584502311981022, "Gossip": 0.595414429913743, "Drill": 0.6619011633268078, "Gearpump": 0.7204829033578563, "Sqoop": 0.7042902294906889, "spamassassin": 0.7561649153919342, "Provisionr": 0.6436287862335894, "Zipkin": 0.6439725229993525, "OpenWebBeans": 0.584091113415329, "Lucy": 0.5695835569099013, "Gora": 0.6574858209182602, "XAP": 0.7071220501928376, "ESME": 0.6078916664083592, "SystemML": 0.7012761430973594, "Subversion": 0.6882199957799237, "Aries": 0.6948441586744836, "CXF": 0.6365836325969685, "Nutch": 0.77907572559489, "Bigtop": 0.659506752277069, "DataSketches": 0.57416153993527, "Deltacloud": 0.5967359463862653, "Bloodhound": 0.6515226253188307, "pubscribe": 0.647678341725832, "adffaces": 0.5918460098946803, "Wicket": 0.5407004069212074, "Ambari": 0.7247218900508203, "Jackrabbit": 0.676608335258845, "Curator": 0.5150445150391907, "Trafodion": 0.7341583053973182, "socialsite": 0.9182958340544894, "Felix": 0.6622200288230867, "hdt": 0.7458666720081073, "OpenWhisk": 0.6674628297122919, "Pinot": 0.7716273832704487, "xmlbeans": 0.7291208934401575, "Abdera": 0.5543966518751844, "Harmony": 0.6570646506497578, "Pig": 0.7798581421551125, "Storm": 0.7778944839227425, "Droids": 0.657149538819047, "Stratos": 0.6963036062128151, "Juneau": 0.575272365645879, "Corinthia": 0.5759379034661536, "Sling": 0.5441410977337745, "CarbonData": 0.6786509326407988, "JuiCE": 0.9058596242814554, "Zeppelin": 0.6523324700741385, "openoffice": 0.6316504839298501, "Beehive": 0.6433131687155209, "Rave": 0.6464908144520445, "zeta": 0.6667292151056304, "TVM": 0.7296092106430853, "jclouds": 0.5942962066667214, "Sentry": 0.7164810209185699, "Dubbo": 0.621684851824647, "FtpServer": 0.5709140121750367, "Ripple": 0.6419220417437456, "AWF": 0.7194521913759211, "Pulsar": 0.6676220173275088, "Fineract": 0.7503243771643281, "Apex": 0.7468694870993555, "TripleSoup": 0.7002842642583287, "ServiceMix": 0.5760567372820569, "OpenNLP": 0.5096002524822046, "Roller": 0.5513380413633828, "Tashi": 0.5942629701457942, "Ignite": 0.5960659822597978, "Whirr": 0.645926246888035, "Aurora": 0.5713313835495605, "Kafka": 0.6377102451340598, "NiFi": 0.6338526023487937, "CommonsRDF": 0.7149571627394835, "Any23": 0.6159212322659362, "DirectMemory": 0.6415200386895993, "Sanselan": 0.5394256582534366, "MyFaces": 0.7405152340662006, "Flink": 0.6124683550476258, "Eagle": 0.743184869844287, "Johnzon": 0.547844389276546, "Muse": 0.7217121550733467, "mod_ftp": 0.7130874668891933, "Spark": 0.7255037054216735, "Alois": 0.8355708296918443, "Lokahi": 0.8472197300681374, "OpenAz": 0.7196088794833781, "Sirona": 0.5465649692229554, "Usergrid": 0.6767025884146545, "HISE": 0.8081121810175703, "APISIX": 0.632067054043496, "Ode": 0.6039839396570305, "Buildr": 0.5818396017471965, "HORN": 0.6135077844596651, "Flex": 0.7144378139248436, "bval": 0.6991129377937945, "Pirk": 0.604673352513369, "Heraldry": 0.753038914979283, "Kabuki": 0.8201119644709259, "Cassandra": 0.6579934307029839, "Syncope": 0.5827642239385874, "geronimo": 0.7803076574901295, "iBATIS": 0.6469418851482849, "Pivot": 0.5959017959731687,