{"Kitty": 0.638819138078992, "Tika": 0.6595848304817875, "Flink": 0.6379357682553178, "Dubbo": 0.6466603714394344, "ServiceMix": 0.6480252278337213, "lucenenet": 0.6960628002712306, "Pivot": 0.5236080323263933, "Slider": 0.6685917815632294, "Streams": 0.6822101295575999, "Gossip": 0.6391178390861614, "Unomi": 0.6470608349029895, "odf": 0.6810183321116208, "Tephra": 0.6417600706557255, "VCL": 0.7139918040207599, "commons": 0.7087635909994666, "FtpServer": 0.6762986346858937, "Superset": 0.7068022338171887, "Qpid": 0.65797092140091, "BatchEE": 0.5786368857721165, "OpenWebBeans": 0.6370454409758746, "empire": 0.5452198486832355, "Ripple": 0.6679448271952912, "Stonehenge": 0.7564813013896301, "RocketMQ": 0.6985555089635973, "Impala": 0.683714318253767, "Olio": 0.7236963602126473, "FreeMarker": 0.6107858065134943, "Celix": 0.6541162632219465, "ECharts": 0.6087000474780322, "Etch": 0.6594177482225613, "ESME": 0.6076845983136017, "Tajo": 0.6873451971896127, "VXQuery": 0.7144075188281724, "Kalumet": 0.7530794727756877, "Blur": 0.5811174188602836, "Kafka": 0.6971686829843726, "DataFu": 0.674378864699123, "Droids": 0.6881424024871302, "Guacamole": 0.6454352065038733, "PLC4X": 0.5931612878485887, "JSPWiki": 0.5600914431647471, "JuiCE": 0.9020348389061111, "S4": 0.6816742908884607, "Rya": 0.7082421544011186, "S2Graph": 0.7492473009710257, "Tashi": 0.6131971930474818, "MetaModel": 0.5860307189685463, "Ambari": 0.7631794282467989, "Rave": 0.6774359137510094, "Oozie": 0.6612924089949063, "Omid": 0.7963276848352359, "Sling": 0.5841809524357467, "Chukwa": 0.6744344623168804, "lenya": 0.5785127881608533, "bookkeeper": 0.6312685898649913, "Apex": 0.7495305307980714, "stdcxx": 0.5067739327197622, "NMaven": 0.6319786968537638, "Imperius": 0.6876867797656578, "REEF": 0.6809354753737661, "UIMA": 0.5582018232710638, "Atlas": 0.7176862860461439, "Onami": 0.7239142737684902, "Taverna": 0.5706422880928943, "Kato": 0.6981060100984595, "Cassandra": 0.7100823266939079, "Nuvem": 0.7288377724016463, "OFBiz": 0.6824576418350236, "Olingo": 0.7308092974571969, "Mynewt": 0.6806100593652041, "Kylin": 0.6805425308386741, "NPanday": 0.6325423476996695, "Myriad": 0.7238537130298591, "SINGA": 0.6775726110058204, "Druid": 0.6581940172911763, "DirectMemory": 0.7509002321993093, "Warble": 0.8927567615422811, "AriaTosca": 0.677818625045329, "OpenWhisk": 0.6887002930230243, "climate": 0.7610708599927114, "openoffice": 0.6591038250431699, "Jackrabbit": 0.7101276581766085, "SystemML": 0.714905609325072, "Concerted": 0.7039434919369943, "Shindig": 0.6644448315392465, "SAMOA": 0.6662458974741992, "Solr": 0.6143992815809123, "Pulsar": 0.737769869057325, "Clerezza": 0.6114076538801295, "Gobblin": 0.7472850244358265, "Provisionr": 0.734317414750722, "TinkerPop": 0.5933498429629704, "Stanbol": 0.6773012808724278, "TVM": 0.7687979822980698, "Twill": 0.6726530857307471, "trafficcontrol": 0.7479997587195476, "SkyWalking": 0.7272484370197984, "ManifoldCF": 0.5692703859579283, "Trafodion": 0.726616693997002, "River": 0.7533385050633304, "HCatalog": 0.7015056034163039, "Ratis": 0.7335871279944652, "Thrift": 0.7129902693987835, "mod_ftp": 0.803715898540832, "Sanselan": 0.6116406908178078, "PDFBox": 0.6938562875784452, "Ranger": 0.6868076787397914, "Muse": 0.784931751317694, "Allura": 0.6530391205069221, "Drill": 0.7140561400462201, "Jena": 0.5815972601020041, "Edgent": 0.6280766082716077, "ant": 0.7776955843433306, "HAWQ": 0.7699290240736721, "CouchDB": 0.7261141962240237, "Lens": 0.6352206590502026, "Flex": 0.7276566647299938, "Aries": 0.7154621703852259, "ACE": 0.7153231941306809, "Weex": 0.6560981286161388, "hdt": 0.7580265604963535, "HTrace": 0.6919517349515889, "Sirona": 0.6186797471661125, "Harmony": 0.685514455466441, "cmda": 0.80643974905435, "Parquet": 0.7300029124216679, "Iceberg": 0.7263391258793853, "Wink": 0.688238497923276, "Felix": 0.6806444633342235, "Sentry": 0.7455947918434149, "OODT": 0.7330343295035698, "Helix": 0.7263117596188814, "Tuscany": 0.5773120271294888, "Amaterasu": 0.7080154165574024, "Tamaya": 0.5823642690914543, "Yoko": 0.738816007423721, "Graffito": 0.6351091833808589, "Shiro": 0.5475164434993618, "pubscribe": 0.6912796909524268, "Deltacloud": 0.6436997840638783, "Airflow": 0.6886694923103005, "Giraph": 0.6772981788999101, "Joshua": 0.623303192858222, "cotton": 0.8580082475956152, "Johnzon": 0.5894929326768203, "Wave": 0.7364642020499247, "Synapse": 0.683806743911414, "PredictionIO": 0.6525481439465664, "bval": 0.7510612902875088, "MADlib": 0.7582399523933119, "Samza": 0.6404126937003586, "PhotArk": 0.6235839038127935, "iota": 0.7093873639667125, "JDO": 0.624455841290529, "IoTDB": 0.5669770573526577, "Zeppelin": 0.690274208737057, "DeviceMap": 0.5390265025910579, "CXF": 0.683854141811424, "OpenJPA": 0.6531406196141292, "zeta": 0.7144290705006389, "Derby": 0.6751392237743733, "XAP": 0.7164263328819789, "Bloodhound": 0.6630651897312555, "CarbonData": 0.7126522080157074, "MRQL": 0.635769436273544, "ServiceComb": 0.711614513540438, "depot": 0.7125200885054376, "Corinthia": 0.6508401835217237, "HISE": 0.8531210171292142, "Quickstep": 0.6772761574675724, "juddi": 0.8353928000706713, "Wookie": 0.5946209479510042, "marmotta": 0.6318332110936419, "oltu": 0.6402508458258732, "Bluesky": 0.6978603045440169, "Daffodil": 0.597265235603033, "OpenNLP": 0.5942392214126967, "Mnemonic": 0.7496207462253257, "Ode": 0.6503785931324488, "Chemistry": 0.7647867351942348, "Directory": 0.6394343549519921, "Buildr": 0.6320440604488835, "DeltaSpike": 0.6764951943996513, "NetBeans": 0.645225517791257, "Click": 0.6270398230742812, "adffaces": 0.6435265434401901, "Gearpump": 0.6805483108609897, "OpenAz": 0.7098670563844016, "HORN": 0.7060220436231894, "Hama": 0.6300025524177556, "CloudStack": 0.7084927242520578, "Hudi": 0.6275232849746819, "Airavata": 0.6968690776003928, "Isis": 0.6392965534695482, "Openmeetings": 0.5756715170155119, "SIS": 0.6650239729264198, "Zipkin": 0.6775900573304354, "ActiveMQ": 0.6554258234198097, "Alois": 0.8591929660752408, "Eagle": 0.7515832607262091, "CommonsRDF": 0.7939478389508072, "Phoenix": 0.7352850005038585, "Roller": 0.5689469374637117, "Accumulo": 0.7244220283694135, "Usergrid": 0.6943466834406609, "geronimo": 0.7851670705219859, "Pinot": 0.785159850556634, "Tez": 0.7690248173098824, "Pirk": 0.6121427907592637, "Ivy": 0.608117332582182, "Wicket": 0.5828700030935712, "APISIX": 0.6928954559615091, "Metron": 0.6725232354842557, "cTAKES": 0.6678617543282883, "Lucy": 0.6444778057004042, "Knox": 0.6258885154548651, "Syncope": 0.6504552278172047, "TripleSoup": 0.8228515386144537, "Storm": 0.8011246735462517, "spamassassin": 0.7885692693769346, "Heraldry": 0.8271439236283935, "Bigtop": 0.6929283706103518, "Aurora": 0.5975084204726453, "Lokahi": 0.8653839311064725, "MRUnit": 0.7253209915573904, "Flume": 0.7246514001739552, "Mesos": 0.5802386656036267, "Gora": 0.6734824105455828, "Groovy": 0.7069005846075105, "jclouds": 0.6176476449341816, "Nutch": 0.7436629035638509, "Libcloud": 0.7632506871717396, "iBATIS": 0.736464551200138, "Beam": 0.7126510842369181, "Agila": 0.7593480755777122, "Stratos": 0.7431477405369894, "Curator": 0.6088277784029476, "AWF": 0.779545612144207, "Fineract": 0.7554972085913834, "Any23": 0.669594728492737, "trafficserver": 0.6938071991747122, "Fluo": 0.6020448074514048, "wadi": 0.8310657813351036, "ShardingSphere": 0.636185260385175, "DataSketches": 0.619559785185656, "Beehive": 0.6631867625640816, "Sqoop": 0.7384927793220979, "Abdera": 0.6353835918870773, "xmlbeans": 0.7697316993977351, "AsterixDB": 0.735904719142752, "DolphinScheduler": 0.7357113479686186, "RCF": 0.975299483825196, "Juneau": 0.6626909237928608, "Kabuki": 0.8499774069493012, "Falcon": 0.7368576943204578, "Calcite": 0.6302865856277922, "Spark": 0.7640025787577412, "Brooklyn": 0.676854954152187, "tapestry": 0.8212453440428508, "Griffin": 0.7085186518807696, "Kudu": 0.6657974064087463, "Subversion": 0.7256601926941592, "MyFaces": 0.671651264123424, "Whirr": 0.7020123247095251,