{"Myriad": 0.736193292308233, "Etch": 0.6669834335108061, "SINGA": 0.7033221176488413, "Impala": 0.6820918414113418, "Shindig": 0.6646054247950344, "Droids": 0.6830017342336311, "NetBeans": 0.638306345729128, "Wave": 0.7319922437915594, "Shiro": 0.5443779202773165, "Zeppelin": 0.6888487325892129, "Rya": 0.7103185656201612, "FreeMarker": 0.6168404001606077, "stdcxx": 0.5078211321206835, "OpenWhisk": 0.687005871375287, "Beam": 0.7107094929521969, "zeta": 0.7143407326778907, "Trafodion": 0.7230755849595041, "Ratis": 0.7339645204830806, "REEF": 0.6840648829736055, "MRUnit": 0.7064708444981508, "OFBiz": 0.6564463920979876, "Crunch": 0.6385977065325351, "Atlas": 0.7248835330187988, "NMaven": 0.6290773529334241, "ant": 0.7784102864137178, "oltu": 0.6482720678094748, "Kylin": 0.6769092123087984, "XAP": 0.7239058836908192, "DataSketches": 0.6499303153785968, "Wookie": 0.5852923213754028, "CouchDB": 0.7113808222461698, "AWF": 0.7143173577546726, "Any23": 0.6469796607304381, "DeviceMap": 0.5443619575391657, "Celix": 0.6366836029047274, "Unomi": 0.6499878199237172, "Roller": 0.5687619167799814, "Weex": 0.6526924358181087, "avalon": 0.7208415909259747, "Ambari": 0.7602059066732914, "Guacamole": 0.6541121294647256, "Harmony": 0.6837415079116759, "Fluo": 0.6411484740858101, "HCatalog": 0.7063549456507893, "Gossip": 0.6591455391485846, "ECharts": 0.6319224687647534, "Tika": 0.6571076049051207, "Gora": 0.6860332405203116, "Tashi": 0.6379362928644206, "ShardingSphere": 0.6558907492304095, "Pinot": 0.8260241694669126, "Pulsar": 0.7067294161664402, "Chukwa": 0.6691863719938752, "Allura": 0.64801235015053, "Sentry": 0.7516744923264757, "Flume": 0.7256006844648378, "Knox": 0.6283770118510908, "juddi": 0.8250457757883164, "Tephra": 0.6578072265320707, "Airflow": 0.6921854124765126, "Eagle": 0.7517722137498094, "HTrace": 0.6945029193090893, "Daffodil": 0.6084562629728378, "Usergrid": 0.6979380895500693, "MADlib": 0.7563539571601745, "odf": 0.6629190750619905, "Ode": 0.6515601376690487, "Dubbo": 0.6576045463781321, "Lucy": 0.6388452792298958, "Tez": 0.7695629723195397, "Jackrabbit": 0.7122405517812114, "MRQL": 0.6611209605945667, "CarbonData": 0.7196750446627637, "OpenAz": 0.7231203219970402, "iBATIS": 0.7079208134176959, "Yoko": 0.742103703704656, "bookkeeper": 0.6376785944417604, "River": 0.7626277756674915, "Sanselan": 0.5765835782349555, "Blur": 0.5815710562947841, "ServiceMix": 0.6493066896047878, "HAWQ": 0.7808078116358649, "Falcon": 0.7401997410822314, "Gobblin": 0.7409883392654828, "Streams": 0.7042171634331968, "SAMOA": 0.6766421167927992, "Subversion": 0.7070642818345687, "Isis": 0.6164694433231268, "Griffin": 0.7187243188701954, "Helix": 0.71592653520657, "Brooklyn": 0.6771571603926759, "Metron": 0.6731101726919673, "VCL": 0.7224970546027732, "Slider": 0.6730813618409447, "Giraph": 0.6700009361656026, "CommonsRDF": 0.6845083367375513, "Kalumet": 0.767083765696995, "Clerezza": 0.6251405823084779, "Ranger": 0.6880599653735666, "Storm": 0.8011864594246243, "Curator": 0.5879451689971836, "Libcloud": 0.7743546080129055, "Gearpump": 0.7041088869772854, "Tamaya": 0.5886011402158846, "CXF": 0.6797583236789551, "Ripple": 0.66867010899689, "Cayenne": 0.6203544810129328, "BatchEE": 0.5935979929054047, "Sling": 0.5865643198514743, "Drill": 0.7070012898012156, "Flink": 0.645134469202268, "DirectMemory": 0.6839426891875343, "JSPWiki": 0.560722908925333, "S2Graph": 0.7542658545182575, "PLC4X": 0.5823682631579746, "TVM": 0.7662044785576323, "Whirr": 0.7026810305811002, "ACE": 0.7156302496108184, "Corinthia": 0.6173675090998104, "Jena": 0.5842295253118636, "Druid": 0.6678572310370312, "Taverna": 0.5805630566447297, "Muse": 0.7985302298605231, "xmlbeans": 0.7667125095114711, "ESME": 0.6253025299716368, "PhotArk": 0.6145100723546598, "S4": 0.6756324185710952, "depot": 0.7133987371550207, "Synapse": 0.6879595197430526, "SIS": 0.6219704384809424, "DeltaSpike": 0.6440520722582995, "Mesos": 0.5580409789662121, "Quickstep": 0.6830358755051056, "Iceberg": 0.7320665801890294, "Imperius": 0.6771834142012784, "Kudu": 0.6663741265185917, "Geode": 0.7176322705292582, "bval": 0.7202762219911529, "Lens": 0.6362739340816214, "Edgent": 0.6351563059117112, "Wink": 0.6931194597090098, "Superset": 0.7122696291563715, "OpenWebBeans": 0.6378204682510714, "Directory": 0.6355983080447609, "Sirona": 0.5952698940919601, "VXQuery": 0.6929843745464639, "Bigtop": 0.6963210611926084, "HORN": 0.6713260005771333, "TinkerPop": 0.5898157522705416, "Thrift": 0.7149728076006996, "PredictionIO": 0.658806897880598, "Hama": 0.6356923188069427, "Mynewt": 0.6769574964271285, "NPanday": 0.6388317304199994, "Juneau": 0.647956509377911, "Parquet": 0.7345982185692934, "Abdera": 0.6089257709045234, "Ignite": 0.6396607996263085, "Provisionr": 0.734484558056157, "hdt": 0.7771791975314372, "Joshua": 0.6198983473769575, "Hudi": 0.6416533498120016, "empire": 0.5475143552975119, "AriaTosca": 0.6800240705033598, "Solr": 0.608332463608188, "Apex": 0.7662964298856942, "Fineract": 0.7512149708665183, "MetaModel": 0.5905976838401096, "Mnemonic": 0.7295120728763722, "Syncope": 0.6390638834476462, "Omid": 0.7781921662971284, "JuiCE": 0.9287976534625544, "Felix": 0.6799812983869752, "Bloodhound": 0.6575588507739832, "Graffito": 0.6451485102339459, "cmda": 0.7786381524307389, "cotton": 0.8651940122443146, "Cassandra": 0.7093839536822631, "Olio": 0.7268530380993751, "wadi": 0.8193887830025033, "UIMA": 0.5644814132173768, "Qpid": 0.6629759119032089, "Bluesky": 0.7129322612799894, "Cordova": 0.6622365167929036, "Chemistry": 0.7675433562158086, "Kafka": 0.6875082868647092, "TripleSoup": 0.741296597623987, "AsterixDB": 0.737412316995105, "Oozie": 0.658866400156239, "lucenenet": 0.6762645323965492, "ManifoldCF": 0.5693128453965304, "PDFBox": 0.6862687692228503, "adffaces": 0.6492646731606142, "Pig": 0.7431767905263152, "CloudStack": 0.707744296135421, "Nuvem": 0.7766943472499553, "jclouds": 0.6197262016006635, "openoffice": 0.642997568894788, "ServiceComb": 0.709106567890694, "ActiveMQ": 0.6529087690309606, "struts": 0.6780814300905772, "Click": 0.6370083473230194, "Johnzon": 0.5628913743935166, "Kato": 0.698043311279397, "pubscribe": 0.6943285569859786, "IoTDB": 0.5681627047788722, "Tuscany": 0.579791516482013, "Pivot": 0.5225274048667826, "Buildr": 0.6358272641632619, "Wicket": 0.5821795501072586, "Calcite": 0.6388644105079999, "cTAKES": 0.6706169210482527, "Warble": 0.8703029171254506, "Kitty": 0.6682159631250123, "Derby": 0.6802975140537423, "Openmeetings": 0.5749070560840719, "Deltacloud": 0.6404108602984859, "DolphinScheduler": 0.7352301834088296, "Twill": 0.6546072093220316, "DataFu": 0.6277981582999065, "Amaterasu": 0.7511493501665181, "iota": 0.7193687856900958, "Aurora": 0.5928320519182786, "Stonehenge": 0.7536879696584226, "JDO": 0.6062769197449822, "Sqoop": 0.7320483386757207, "Tajo": 0.6751345248221221, "geronimo": 0.7765183275262751, "SystemML": 0.7269745775176328, "mod_ftp": 0.7204474987622796, "Beehive": 0.664074121852765, "SkyWalking": 0.7710860215319826, "trafficcontrol": 0.7458409247199534, "marmotta": 0.6192419331011484, "Lokahi": 0.8527292514282981, "Agila": 0.7573391284135325, "Flex": 0.7299371842838727, "OpenNLP": 0.5884338545558482, "Aries": 0.722895096597092, "Accumulo": 0.715936811878692, "Samza": 0.6405818394937236, "MyFaces": 0.6740696335783898, "OpenJPA": 0.6518338613785003, "APISIX": 0.6806405594783453, "FtpServer": 0.6584474143679913, "lenya": 0.5785866603524414, "OODT": 0.7386386192481028, "Stanbol": 0.6828470790891481, "Phoenix": 0.7391015711058538, "HISE": 0.8451233880444574, "Airavata": 0.7009207659467367, "Heraldry": 0.7952988891490045, "Ivy": 0.6125705373429737, "Pirk": 0.6236145555219541, "Stratos": 0.7192283213102448, "Olingo": 0.7050578841092848, "Zipkin": 0.6824243329873872, "climate": 0.7528380924201039, "commons": 0.6874756853258481, "Spark": 0.7609817394281811, "Groovy": 0.7123969952099313, "spamassassin": 0.7916277334113796, "Concerted": 0.7168500107274678, "RocketMQ": 0.7096283321296321,