{"SkyWalking": 0.8920868658408339, "S4": 0.8479603638361315, "HAWQ": 0.8812690677954921, "Druid": 0.851562273602283, "Brooklyn": 0.8614074843625537, "Warble": 0.9411277295815673, "Tez": 0.875202801452035, "Hama": 0.8355224628068747, "Atlas": 0.8816589884535571, "odf": 0.8457357678397388, "Celix": 0.8438682064626294, "bookkeeper": 0.8671262608558044, "Unomi": 0.8680458589542445, "DataFu": 0.820289332818206, "Wink": 0.8456854094099349, "IoTDB": 0.8513301482574889, "Geode": 0.9001556529822501, "Solr": 0.8405781319592448, "Tamaya": 0.8666295312029161, "ActiveMQ": 0.7890614036715025, "Jena": 0.7888175717694046, "Airavata": 0.8824001181278021, "MRQL": 0.8720346537061829, "Graffito": 0.8555533610027731, "Iceberg": 0.8849051883949709, "trafficcontrol": 0.8810026142213361, "Synapse": 0.8803021109043078, "TinkerPop": 0.8361600718269467, "Tuscany": 0.817310133838231, "Joshua": 0.8553414284250946, "Guacamole": 0.8232970419493619, "Mesos": 0.8299159295439321, "Taverna": 0.8428485948780847, "VXQuery": 0.9098599837965569, "Thrift": 0.8451448114539403, "NPanday": 0.8120484322862952, "Hudi": 0.8476899323670543, "cmda": 0.9108347092445875, "Libcloud": 0.8702781315935207, "Gobblin": 0.87336999538521, "Airflow": 0.8594882678971869, "Clerezza": 0.8683277763158375, "juddi": 0.9057056898519306, "Quickstep": 0.8828398397205738, "VCL": 0.8532041545889973, "MetaModel": 0.8519262378649854, "S2Graph": 0.896128307878147, "NetBeans": 0.845360549714624, "Stanbol": 0.8596690736389759, "River": 0.8976400092484391, "PredictionIO": 0.8413780006950529, "Kitty": 0.9136118910379433, "UIMA": 0.847226604174312, "Flume": 0.8711218108656202, "Etch": 0.8513359419946662, "Cordova": 0.8789246528468232, "Weex": 0.8224695052885688, "Shiro": 0.8256303202622467, "Nuvem": 0.8883490562741532, "Omid": 0.9046320173623762, "trafficserver": 0.8782807181814952, "ant": 0.8696971097441061, "empire": 0.821099080134054, "marmotta": 0.8790406780706201, "SAMOA": 0.822290569241248, "Derby": 0.8494251677747024, "Falcon": 0.8650504060259476, "Olingo": 0.8914380731361702, "Edgent": 0.8587998868441332, "HCatalog": 0.8729913416911268, "Myriad": 0.8803898561763577, "Rya": 0.8711098162455841, "MRUnit": 0.8915280570880301, "Beam": 0.867899010390371, "climate": 0.8975048748820217, "Daffodil": 0.8497104043640756, "JDO": 0.8991332363983678, "MADlib": 0.8762925137252261, "Ratis": 0.8600280739619106, "Agila": 0.8526997356235795, "Tephra": 0.8752176984973152, "NMaven": 0.8464245270832248, "PhotArk": 0.8589498616225774, "Mnemonic": 0.9101867471382233, "OFBiz": 0.8367257302710469, "Parquet": 0.8494238549702295, "Mynewt": 0.8571371360168344, "Lens": 0.8963352432319163, "OpenJPA": 0.848535680728918, "Ranger": 0.8434509951188124, "Blur": 0.8475080589659546, "SIS": 0.9106735037418281, "Isis": 0.8569004402805845, "Kato": 0.8808054600911451, "Click": 0.8372064915971827, "AriaTosca": 0.8858346397342436, "depot": 0.9017376725410079, "Yoko": 0.8745391480163204, "Openmeetings": 0.8174343642409826, "Crunch": 0.845274891386024, "Onami": 0.9117366880148075, "DolphinScheduler": 0.87017796281531, "FreeMarker": 0.852086863809243, "Griffin": 0.8502758940762316, "Shindig": 0.8515597597154111, "ServiceComb": 0.8894821311872542, "Fluo": 0.9072266845204441, "ACE": 0.8737831341419244, "Qpid": 0.8568156052410126, "DeltaSpike": 0.8876844816835168, "Stonehenge": 0.9088512982770103, "Imperius": 0.8679479235214766, "Wave": 0.864916073749655, "ECharts": 0.8170132761020645, "AsterixDB": 0.8938623180868795, "Chemistry": 0.8993806104949649, "Kalumet": 0.8842676040052138, "Superset": 0.8525373903681979, "REEF": 0.909226010817507, "Olio": 0.8639498843818992, "lucenenet": 0.8668901312239681, "Knox": 0.8865950862051319, "CloudStack": 0.8558597237802763, "Slider": 0.8551359228311661, "Directory": 0.8497958111879494, "JSPWiki": 0.8195807435899984, "Cayenne": 0.8388923709930013, "ShardingSphere": 0.8565562461902322, "Phoenix": 0.8818844657255028, "Groovy": 0.8620169414058374, "oltu": 0.8620771670028231, "Metron": 0.8822410619563895, "Amaterasu": 0.9298638350005787, "Giraph": 0.8584594229300692, "cTAKES": 0.8913981805591388, "Oozie": 0.831638631765488, "Streams": 0.8934927135918432, "HTrace": 0.8712752226457005, "Calcite": 0.848639408558792, "SINGA": 0.8461816726650908, "Kylin": 0.8837747685067991, "Tajo": 0.8857382385594363, "Kudu": 0.8697100042453871, "Ivy": 0.8482861221729311, "Accumulo": 0.8786249236723644, "Impala": 0.8800989113807701, "BatchEE": 0.88180745609013, "Helix": 0.8767277923323133, "lenya": 0.8157346691177938, "iota": 0.8889084093589653, "Allura": 0.8416025053735434, "Chukwa": 0.8337000399022835, "DeviceMap": 0.8878866440503554, "RocketMQ": 0.883184961539886, "Wookie": 0.8150376933045884, "Twill": 0.8321167987815986, "stdcxx": 0.8202331576418795, "OODT": 0.9072880943111438, "PDFBox": 0.8388643389564853, "CouchDB": 0.8509594477243199, "ManifoldCF": 0.8296499575791988, "Bluesky": 0.9005802037437852, "Samza": 0.8367978604901405, "Gossip": 0.8740837791973568, "Drill": 0.8537826732598157, "Gearpump": 0.9027599718788513, "Sqoop": 0.8848027617802832, "spamassassin": 0.8698713434239627, "Provisionr": 0.8804478874670213, "Zipkin": 0.896156525210381, "OpenWebBeans": 0.8762806618105365, "Lucy": 0.8577711261447111, "Gora": 0.9009184404202386, "XAP": 0.8700389662346555, "ESME": 0.8901518461142006, "SystemML": 0.8911713446939196, "Subversion": 0.8635634043937547, "Aries": 0.8907977981809665, "CXF": 0.8186458740541449, "Nutch": 0.8855795486990743, "Bigtop": 0.8697184197386284, "DataSketches": 0.8583180489695301, "Deltacloud": 0.8639547510925328, "Bloodhound": 0.9047728613635909, "pubscribe": 0.889157116666631, "adffaces": 0.8453850508182147, "Wicket": 0.8489224220318373, "Ambari": 0.8534042085804558, "Jackrabbit": 0.8496335187135384, "Curator": 0.8292473767144645, "Trafodion": 0.8916542995798221, "socialsite": 1.0, "Felix": 0.871719327437113, "hdt": 0.897089959864584, "OpenWhisk": 0.8699512366966909, "Pinot": 0.9124169464573868, "xmlbeans": 0.8698556537471219, "Abdera": 0.8496991669123545, "Harmony": 0.8844547762415426, "Pig": 0.8970928022619348, "Storm": 0.8809908992689173, "Droids": 0.876046036610052, "Stratos": 0.8904579063782434, "Juneau": 0.9092398515838223, "Corinthia": 0.9108872082585582, "Sling": 0.8502319019675727, "CarbonData": 0.8585708671616258, "JuiCE": 0.9589259255258459, "Zeppelin": 0.8330547588921207, "openoffice": 0.8486398076358291, "Beehive": 0.8422341686750253, "Rave": 0.8824829484272867, "zeta": 0.8725764856170325, "TVM": 0.8575773872314083, "jclouds": 0.8432704639752863, "Sentry": 0.8835928737187815, "Dubbo": 0.8731973512566795, "FtpServer": 0.8317402525397549, "Ripple": 0.8776939567877123, "AWF": 0.908715023081126, "Pulsar": 0.8721685479590332, "Fineract": 0.8648563274685319, "Apex": 0.8994238917964036, "TripleSoup": 0.916987124543361, "ServiceMix": 0.8199354418035114, "OpenNLP": 0.8203924970287825, "Roller": 0.8249402771855636, "Tashi": 0.8945861522462051, "Ignite": 0.8431284092211536, "Whirr": 0.8501834396802692, "Aurora": 0.855043559240904, "Kafka": 0.8471521757395197, "NiFi": 0.8617216994440627, "CommonsRDF": 0.8950083617977921, "Any23": 0.9026179678162092, "DirectMemory": 0.8899734098278753, "Sanselan": 0.8182099838664407, "MyFaces": 0.8700375757193486, "Flink": 0.852750882559904, "Eagle": 0.8856009164976222, "Johnzon": 0.8827160036770005, "Muse": 0.8666460009414542, "mod_ftp": 0.933949190349437, "Spark": 0.8683722128541744, "Alois": 0.9610134456829249, "Lokahi": 0.9176748054785884, "OpenAz": 0.9158744165848098, "Sirona": 0.868958096297672, "Usergrid": 0.8729315416757248, "HISE": 0.9141718970228526, "APISIX": 0.8883365276375081, "Ode": 0.84524249506301, "Buildr": 0.8361291268956473, "HORN": 0.8925062474024594, "Flex": 0.8816608587699934, "bval": 0.8863034928619854, "Pirk": 0.9181756314499523, "Heraldry": 0.9012098579187655, "Kabuki": 0.8962406251802891, "Cassandra": 0.8723110276674017, "Syncope": 0.870699390116104, "geronimo": 0.8983589731614054, "iBATIS": 0.8152765913665412, "Pivot": 0.8550502540885081, "PLC4X": 0.8889444309877599,