{"Myriad": 0.8792437885386213, "Etch": 0.8491632232688012, "SINGA": 0.8435353260029838, "Impala": 0.8564492399399302, "Shindig": 0.8491262070622286, "Droids": 0.8700804374400808, "NetBeans": 0.8446781085316067, "Wave": 0.8680131572989529, "Shiro": 0.8255251492059662, "Zeppelin": 0.8310037044057519, "Rya": 0.8671717184459198, "FreeMarker": 0.8694007626036331, "stdcxx": 0.82052347096269, "OpenWhisk": 0.8654206289205643, "Beam": 0.8670281111092814, "zeta": 0.879530938792891, "Trafodion": 0.8835571057694993, "Ratis": 0.8599269695221844, "REEF": 0.9219327926886673, "MRUnit": 0.8885031003689207, "OFBiz": 0.8336745949863393, "Crunch": 0.8485325967964255, "Atlas": 0.8749341928164517, "NMaven": 0.8476157483239011, "ant": 0.8651203479282541, "oltu": 0.8629377071396042, "Kylin": 0.8482627970967577, "XAP": 0.8700389662346555, "DataSketches": 0.8942409117936535, "Wookie": 0.8109997273055034, "CouchDB": 0.848215867283697, "AWF": 0.9058868010735417, "Any23": 0.9023835694773813, "DeviceMap": 0.8849184917119591, "Celix": 0.83988648674648, "Unomi": 0.8733005784059481, "Roller": 0.8226660166577688, "Weex": 0.8164465303097561, "avalon": 0.8675174874028022, "Ambari": 0.8523520846998234, "Guacamole": 0.8162120936118474, "Harmony": 0.8848178949326541, "Fluo": 0.895744965588946, "HCatalog": 0.8705053316876664, "Gossip": 0.8837701572204314, "ECharts": 0.8429878274588471, "Tika": 0.8679220769584078, "Gora": 0.8863219703568939, "Tashi": 0.8995808747579536, "ShardingSphere": 0.8593053389922555, "Pinot": 0.9365559609345971, "Pulsar": 0.8768009992775666, "Chukwa": 0.8335125023138856, "Allura": 0.8381415239436608, "Sentry": 0.888243701342677, "Flume": 0.867427498817116, "Knox": 0.8851792855272153, "juddi": 0.9076506897957103, "Tephra": 0.8772867397672225, "Airflow": 0.8590383811905578, "Eagle": 0.8807565216112353, "HTrace": 0.8620277042162098, "Daffodil": 0.85094087732981, "Usergrid": 0.8636578182277546, "MADlib": 0.8786920589484519, "odf": 0.8479290997196649, "Ode": 0.8475956171216567, "Dubbo": 0.8744244545553888, "Lucy": 0.8601826104385155, "Tez": 0.8675646391295586, "Jackrabbit": 0.8527361922106966, "MRQL": 0.8701802740880829, "CarbonData": 0.856423372439705, "OpenAz": 0.8970524585552145, "iBATIS": 0.8114733359950043, "Yoko": 0.8736667547641979, "bookkeeper": 0.8753629895432835, "River": 0.9010627522982857, "Sanselan": 0.8182099838664407, "Blur": 0.8438864029031948, "ServiceMix": 0.8221443871008162, "HAWQ": 0.8780920682835948, "Falcon": 0.8754143646955701, "Gobblin": 0.8699072338146147, "Streams": 0.8890042788627414, "SAMOA": 0.8290948535327608, "Subversion": 0.8527927271188039, "Isis": 0.8593167252224652, "Griffin": 0.8501211209080785, "Helix": 0.8772645146697399, "Brooklyn": 0.8622121038967859, "Metron": 0.8768967501790829, "VCL": 0.8548620850908135, "Slider": 0.8561733440855386, "Giraph": 0.8593828631267585, "CommonsRDF": 0.8803606008909026, "Kalumet": 0.8967601265892109, "Clerezza": 0.8610113381067367, "Ranger": 0.8430041249830387, "Storm": 0.8775842804680198, "Curator": 0.8296794628520185, "Libcloud": 0.869702916875541, "Gearpump": 0.8857715021035851, "Tamaya": 0.8689008809767264, "CXF": 0.8170506557305995, "Ripple": 0.8813905424713105, "Cayenne": 0.8392362966505483, "BatchEE": 0.8867377997964249, "Sling": 0.8521742281431886, "Drill": 0.8572083390162714, "Flink": 0.8509184988401435, "DirectMemory": 0.8773214078696729, "JSPWiki": 0.8212055778528442, "S2Graph": 0.8972677510710482, "PLC4X": 0.8888284154318511, "TVM": 0.8541514662677155, "Whirr": 0.8534126194892918, "ACE": 0.8771134869295809, "Corinthia": 0.9098689470597288, "Jena": 0.7899082370186513, "Druid": 0.8500361584302785, "Taverna": 0.8302896706000121, "Muse": 0.8730598527931064, "xmlbeans": 0.8699198867656123, "ESME": 0.8914219542511193, "PhotArk": 0.8574636766736495, "S4": 0.8464869753628228, "depot": 0.897335690332311, "Synapse": 0.884117100138122, "SIS": 0.9028044994773887, "DeltaSpike": 0.8851874051140487, "Mesos": 0.8252525713122002, "Quickstep": 0.8822946737342925, "Iceberg": 0.8892689969695657, "Imperius": 0.8666259927696598, "Kudu": 0.8635938992487812, "Geode": 0.875282680710798, "bval": 0.8803695195595741, "Lens": 0.8770149986707407, "Edgent": 0.8605286266220259, "Wink": 0.8474173108162604, "Superset": 0.8533853956795872, "OpenWebBeans": 0.8818449928884223, "Directory": 0.8497692375325456, "Sirona": 0.8880981874744667, "VXQuery": 0.9050123038994468, "Bigtop": 0.8713093768135898, "HORN": 0.8779574850354097, "TinkerPop": 0.8319854324466188, "Thrift": 0.8440748598663331, "PredictionIO": 0.8404344243067046, "Hama": 0.8330753336641279, "Mynewt": 0.85481119947185, "NPanday": 0.8072088811605683, "Juneau": 0.9234544683442071, "Parquet": 0.8422966439860807, "Abdera": 0.8476819663383203, "Ignite": 0.8368671640443559, "Provisionr": 0.8854498550385145, "hdt": 0.8999619769332444, "Joshua": 0.8535033832640432, "Hudi": 0.8419883729812421, "empire": 0.8184703371174851, "AriaTosca": 0.8807266460662058, "Solr": 0.8396309047386109, "Apex": 0.8983535279727409, "Fineract": 0.8529478363799036, "MetaModel": 0.8516936512163958, "Mnemonic": 0.9004639702208801, "Syncope": 0.864616851060138, "Omid": 0.9008151403699124, "JuiCE": 0.9589259255258459, "Felix": 0.8663742654283394, "Bloodhound": 0.8983663484645051, "Graffito": 0.8572090588586181, "cmda": 0.9197944080133997, "cotton": 0.9123877383562198, "Cassandra": 0.8723319779721478, "Olio": 0.8562594818388523, "wadi": 0.9753341619211329, "UIMA": 0.851702241749752, "Qpid": 0.857887199453935, "Bluesky": 0.8928829273969994, "Cordova": 0.8571720330874432, "Chemistry": 0.8875587019629347, "Kafka": 0.8473678882287975, "TripleSoup": 0.9124508988480535, "AsterixDB": 0.9000735025667473, "Oozie": 0.8331035492611899, "lucenenet": 0.8647163309623097, "ManifoldCF": 0.8138513464119321, "PDFBox": 0.8279692051780821, "adffaces": 0.8452948026798605, "Pig": 0.871124690576233, "CloudStack": 0.8589705949868656, "Nuvem": 0.8960512486235664, "jclouds": 0.838885357611641, "openoffice": 0.846142618446081, "ServiceComb": 0.8887869009607158, "ActiveMQ": 0.7889919110300265, "struts": 0.8528499908324816, "Click": 0.8349254883834397, "Johnzon": 0.9004124907622644, "Kato": 0.8857211150097491, "pubscribe": 0.8820406629694951, "IoTDB": 0.8542046289001168, "Tuscany": 0.8197101066963957, "Pivot": 0.8432781406137366, "Buildr": 0.8331158307953028, "Wicket": 0.8500625278053515, "Calcite": 0.8548062316308208, "cTAKES": 0.8842939764642819, "Warble": 0.9411277295815673, "Kitty": 0.8927002170026272, "Derby": 0.8491316742363226, "Openmeetings": 0.8202399442896676, "Deltacloud": 0.8639903408776406, "DolphinScheduler": 0.8672283957974731, "Twill": 0.8392464878848356, "DataFu": 0.8196043624304391, "Amaterasu": 0.9342660080840313, "iota": 0.8941185362380822, "Aurora": 0.8562577508638579, "Stonehenge": 0.902377503508233, "JDO": 0.8859009229262171, "Sqoop": 0.8852987785405142, "Tajo": 0.8837113625681394, "geronimo": 0.8589222859109027, "SystemML": 0.892865772245701, "mod_ftp": 0.933949190349437, "Beehive": 0.8418159217317603, "SkyWalking": 0.9154307369413942, "trafficcontrol": 0.8871895754082922, "marmotta": 0.8686723245933394, "Lokahi": 0.9119252752921683, "Agila": 0.8634841096358917, "Flex": 0.8814416539913225, "OpenNLP": 0.8213308592799845, "Aries": 0.8953317912867317, "Accumulo": 0.8641345466020635, "Samza": 0.8462926552354372, "MyFaces": 0.8443746266461509, "OpenJPA": 0.8441120201752765, "APISIX": 0.8824086172474712, "FtpServer": 0.8353979118758218, "lenya": 0.8140732194348544, "OODT": 0.9041153759519378, "Stanbol": 0.8652532920896789, "Phoenix": 0.8675769051356399, "HISE": 0.932712547075572, "Airavata": 0.8784191548303227, "Heraldry": 0.906658306812225, "Ivy": 0.8497880239463118, "Pirk": 0.9188887202675077, "Stratos": 0.8926259452354697, "Olingo": 0.8809024283707719, "Zipkin": 0.895634519320003, "climate": 0.900327600113749, "commons": 0.8397456280016867, "Spark": 0.8613632722783878, "Groovy": 0.8650216783372033, "spamassassin": 0.8593759976582389, "Concerted": 0.9653741425555038, "RocketMQ": 0.8792114702909862,