{"Edgent": 0.8572684467850645, "hdt": 0.8888648927090373, "Mnemonic": 0.9098136965856838, "Juneau": 0.9061365667993951, "odf": 0.842009986883052, "Taverna": 0.8448878744767699, "zeta": 0.8722709344181896, "Streams": 0.9011520787119379, "Oozie": 0.8346211499605753, "Roller": 0.8270781406858051, "Nuvem": 0.9041752869370923, "Synapse": 0.8863920919467291, "Griffin": 0.8512078829131208, "Guacamole": 0.8258734392056978, "Wave": 0.8642232271388951, "Kalumet": 0.8957214354535293, "Jackrabbit": 0.8496513375648458, "Wink": 0.846574958750358, "Deltacloud": 0.8649362473898916, "BatchEE": 0.8961673694036281, "Apex": 0.8972205853130757, "Falcon": 0.8676699937344151, "Eagle": 0.8843370818253105, "HAWQ": 0.8831235689203787, "ESME": 0.8921927562702898, "Provisionr": 0.8979351867292029, "Gora": 0.9021399395615323, "Twill": 0.8386748887982515, "Pulsar": 0.8749019474314871, "Quickstep": 0.8828059938804784, "Flex": 0.8813922674018916, "PhotArk": 0.8637861328750647, "Tamaya": 0.8657456951236102, "Omid": 0.9035293320835972, "Tashi": 0.9027319878428993, "S4": 0.8488415001940434, "Phoenix": 0.8812853172698475, "River": 0.9044868667398109, "SIS": 0.9115704141541761, "Myriad": 0.8789979985660917, "Ode": 0.8463222723248798, "SAMOA": 0.8260096122450892, "empire": 0.8257744471892378, "SINGA": 0.8362014771463879, "DataFu": 0.8197793569607156, "ECharts": 0.8184615065466514, "oltu": 0.8613087590387314, "PredictionIO": 0.8386074511131668, "Kafka": 0.8488541002488184, "OpenWhisk": 0.8693713892787738, "Slider": 0.8557657958977545, "Directory": 0.8501370380162199, "MADlib": 0.8787521643306186, "Sling": 0.8498214274324971, "Olio": 0.8624036193466912, "Weex": 0.8274137558310519, "FtpServer": 0.830801924699988, "Derby": 0.8495806237813949, "Aurora": 0.8551298913805572, "Superset": 0.8562876203505386, "PLC4X": 0.8936814017499422, "Openmeetings": 0.8198226652720827, "Pirk": 0.9186359106940456, "Clerezza": 0.8673935757063057, "trafficcontrol": 0.8813493412975807, "Usergrid": 0.8722321287763654, "cTAKES": 0.8903071363193127, "ManifoldCF": 0.8279443585461735, "NetBeans": 0.8462238138961042, "JSPWiki": 0.8204341894406301, "Mesos": 0.8288440626094898, "Celix": 0.8510345336669017, "socialsite": 0.8962406251802891, "Dubbo": 0.8744156276918744, "Airflow": 0.8601371546539838, "Nutch": 0.8879227198520655, "Atlas": 0.8817428274631397, "Hama": 0.828673708738368, "Zipkin": 0.8990315608013529, "Bluesky": 0.882718574596289, "HORN": 0.8861401513460991, "Calcite": 0.8497616789783794, "NPanday": 0.8103965373398406, "Heraldry": 0.8949416553556554, "SkyWalking": 0.8931329140546874, "HCatalog": 0.8715172099773733, "Pinot": 0.9120842575752958, "S2Graph": 0.9033148272979765, "Tika": 0.9333643440196974, "Blur": 0.8386023306095213, "Graffito": 0.8575202233276294, "Ranger": 0.8438254199283923, "XAP": 0.8728905642723942, "Etch": 0.8489998625804069, "Wookie": 0.821428732960705, "Abdera": 0.8484457981754311, "Corinthia": 0.910887208258558, "Qpid": 0.8559739633012331, "Droids": 0.8818791157678719, "bookkeeper": 0.8724558973300578, "Storm": 0.8796798181513613, "spamassassin": 0.8694924068484913, "FreeMarker": 0.8604230620592446, "Thrift": 0.8462498735189888, "Lokahi": 0.9189696869961305, "Isis": 0.8612318501553468, "HTrace": 0.8679578430981284, "Tez": 0.8740615690186344, "Johnzon": 0.8844133274104484, "Unomi": 0.8549793132784128, "UIMA": 0.8472640791820123, "Airavata": 0.8847908569622571, "Allura": 0.8426630933194629, "HISE": 0.9141718970228526, "Sirona": 0.8684138519767424, "SystemML": 0.8919614851818821, "Harmony": 0.8854504220555541, "xmlbeans": 0.8695470525135618, "Samza": 0.8361252414274624, "Ripple": 0.8786920631981342, "DolphinScheduler": 0.8684581378143252, "Sanselan": 0.8231934492363101, "Kato": 0.8983590038105647, "Fineract": 0.8598796850753201, "Bloodhound": 0.9182345844172147, "mod_ftp": 0.9178012085161181, "Aries": 0.8890894922298936, "TinkerPop": 0.8374470257347815, "Shindig": 0.8518668173813071, "lucenenet": 0.865349126753186, "ACE": 0.874730887827938, "RocketMQ": 0.8820023975269035, "TripleSoup": 0.9202589727931522, "Accumulo": 0.8762692128049547, "bval": 0.8797563567853606, "Impala": 0.8826553799716564, "depot": 0.901268864249958, "RCF": 0.9528195311147832, "Beehive": 0.84258724191661, "OpenAz": 0.9193590589187902, "Metron": 0.8837645352815329, "Helix": 0.875711162528346, "Stanbol": 0.860607689477753, "Kitty": 0.9141854940245633, "cmda": 0.9049438247804648, "Yoko": 0.8760627456198823, "Daffodil": 0.8476406219118606, "Alois": 0.9610134456829249, "Sqoop": 0.8842118937155347, "JuiCE": 0.9580111549585676, "Rya": 0.8701182758196838, "Trafodion": 0.8933951845030091, "Ivy": 0.8492563404597718, "Wicket": 0.8482955330505698, "VXQuery": 0.9257634457329919, "Tephra": 0.8817172417817339, "Chemistry": 0.9055132143456694, "Chukwa": 0.833229629521523, "Gearpump": 0.8967392412456994, "IoTDB": 0.8525937946805351, "iBATIS": 0.8152364662366557, "Felix": 0.8715341946476064, "MRQL": 0.8752812522592626, "Lucy": 0.8634163992249876, "ActiveMQ": 0.7928590162228561, "Joshua": 0.8583138946272375, "Iceberg": 0.8900443007738786, "Brooklyn": 0.8590787095891318, "Ignite": 0.8436786741791983, "iota": 0.8857927590996761, "Flume": 0.8714318487131161, "Rave": 0.8870617911580846, "AWF": 0.9082908085448252, "Syncope": 0.8703687906381776, "Bigtop": 0.8676066466909108, "marmotta": 0.8742312665957482, "Gobblin": 0.8795114707255145, "REEF": 0.9123834642452564, "Libcloud": 0.870740478517193, "Gossip": 0.87414315452778, "Druid": 0.8483661315120817, "Geode": 0.897926500401049, "OpenWebBeans": 0.8776640485628284, "Kylin": 0.882146086927931, "Fluo": 0.9055012005608166, "Cayenne": 0.8402165143899056, "Shiro": 0.8265948448702215, "Hudi": 0.8466247015759644, "openoffice": 0.8484095691667453, "Knox": 0.8760938537932937, "Olingo": 0.8943109698198289, "AsterixDB": 0.8921211742829726, "ShardingSphere": 0.8555650148513556, "CouchDB": 0.854659363238959, "DeviceMap": 0.8884998743987365, "TVM": 0.8567606975368428, "Giraph": 0.8614179363075846, "PDFBox": 0.8421497257269512, "Flink": 0.8539137600000318, "Parquet": 0.8500034635440529, "Drill": 0.8575086210588633, "VCL": 0.8544851314133748, "OODT": 0.8982077292049607, "MRUnit": 0.9109324043065808, "Ratis": 0.8598184445451118, "Curator": 0.823540715855052, "Amaterasu": 0.9245376405941432, "Buildr": 0.8365748376733758, "DataSketches": 0.8624200985224487, "ServiceComb": 0.8909476920179048, "Tuscany": 0.8196110301378635, "OpenJPA": 0.8478506856112734, "ant": 0.8671290662599578, "NiFi": 0.8647189173503743, "Jena": 0.7884733190746283, "CommonsRDF": 0.8950302049959257, "climate": 0.9011637949929862, "DeltaSpike": 0.8881874248922171, "Mynewt": 0.8587224035371172, "Sentry": 0.8803437974041173, "NMaven": 0.8420648837191308, "Agila": 0.8528332029811517, "Pivot": 0.8550502540885081, "cotton": 0.9139692841464081, "Warble": 0.9685640295976682, "Beam": 0.8675602549279441, "Stratos": 0.8945219748395997, "Spark": 0.8694474774138911, "Cordova": 0.879208144195094, "OpenNLP": 0.8241843869600501, "Zeppelin": 0.8353115423840826, "AriaTosca": 0.8863378917256782, "CarbonData": 0.8584007590173058, "Imperius": 0.8679479235214766, "CloudStack": 0.8570010267281051, "Muse": 0.8213221452868997, "Crunch": 0.8444310403086512, "Tajo": 0.88822119849876, "trafficserver": 0.8799118644008013, "ServiceMix": 0.8231868476697195, "Groovy": 0.8630806274144736, "Stonehenge": 0.9112475756394588, "Kudu": 0.8723576341616, "Any23": 0.9089252721269429, "JDO": 0.9008477539641331, "stdcxx": 0.8202285825991994, "CXF": 0.8182584835248348, "OFBiz": 0.8358220828407132, "Onami": 0.9101563398334166, "Pig": 0.9020283226090596, "Solr": 0.841809528673529, "Cassandra": 0.8737733180045651, "lenya": 0.8167772505686979, "Click": 0.8386808570657767, "adffaces": 0.8452368156444189, "Ambari": 0.8568521276627294, "Whirr": 0.8504028729374276, "DirectMemory": 0.8917030842778965, "jclouds": 0.840944587498667, "commons": 0.8807493687238118, "tapestry": 0.8832480628600103, "geronimo": 0.8933730165529957, "Concerted": 0.9389213048637455, "APISIX": 0.8907664788692996,