{"Kitty": 0.8943731733169918, "Tika": 0.8675170772808748, "Flink": 0.8561625158092437, "Dubbo": 0.8742560621800481, "ServiceMix": 0.8248907057354976, "lucenenet": 0.8771847734176454, "Pivot": 0.8432781406137366, "Slider": 0.8567561259828435, "Streams": 0.8969258830274364, "Gossip": 0.8774286346220781, "Unomi": 0.8538497359199396, "odf": 0.8614454608766852, "Tephra": 0.8738897900444033, "VCL": 0.8559078708804944, "commons": 0.8598185062310221, "FtpServer": 0.852231268698477, "Superset": 0.8585284402647722, "Qpid": 0.8551604349568805, "BatchEE": 0.9139929066032113, "OpenWebBeans": 0.8852302990379364, "empire": 0.8300160411599049, "Ripple": 0.8806582028668629, "Stonehenge": 0.9072316476032225, "RocketMQ": 0.8761077737567052, "Impala": 0.8575771077154725, "Olio": 0.8544847281094994, "FreeMarker": 0.8732371107123752, "Celix": 0.8534053182379222, "ECharts": 0.8191692041452187, "Etch": 0.8500683209096828, "ESME": 0.8979420465031324, "Tajo": 0.8995632307683582, "VXQuery": 0.9281073299371684, "Kalumet": 0.9101412312649787, "Blur": 0.8401237288512378, "Kafka": 0.8524175292439717, "DataFu": 0.8418134231199379, "Droids": 0.8805197499389559, "Guacamole": 0.8200879185766794, "PLC4X": 0.8911717622919678, "JSPWiki": 0.8220907825675627, "JuiCE": 0.9693228483698799, "S4": 0.8481195855614448, "Rya": 0.866767712770201, "S2Graph": 0.9071153500010594, "Tashi": 0.9049781868848572, "MetaModel": 0.8630487212766847, "Ambari": 0.8561085630045151, "Rave": 0.8895734416078184, "Oozie": 0.8348824083169041, "Omid": 0.8880117619622172, "Sling": 0.8537997270597053, "Chukwa": 0.8428712822324674, "lenya": 0.8150877378607995, "bookkeeper": 0.8940680041735344, "Apex": 0.8945081945341362, "stdcxx": 0.8199477641840937, "NMaven": 0.8431196066876292, "Imperius": 0.8679479235214766, "REEF": 0.9248623740554078, "UIMA": 0.8511176876875776, "Atlas": 0.8753960774374022, "Onami": 0.9224088301740352, "Taverna": 0.8336521078044402, "Kato": 0.8971765979836352, "Cassandra": 0.8725302787739229, "Nuvem": 0.8830310080262663, "OFBiz": 0.8529409719475581, "Olingo": 0.8940241360025214, "Mynewt": 0.8601521454776185, "Kylin": 0.8543860471700586, "NPanday": 0.8163861093099094, "Myriad": 0.8715939377510831, "SINGA": 0.8298187791838287, "Druid": 0.8468215014235057, "DirectMemory": 0.9096796359967253, "Warble": 0.9815597421362652, "AriaTosca": 0.8803888431322476, "OpenWhisk": 0.8648227578665053, "climate": 0.9038143092262436, "openoffice": 0.8555919184249849, "Jackrabbit": 0.8526580137623342, "SystemML": 0.8934788221138878, "Concerted": 0.9464061826085881, "Shindig": 0.848096273820341, "SAMOA": 0.8274173242974109, "Solr": 0.8454827964884678, "Pulsar": 0.8914886139058792, "Clerezza": 0.8602088223371528, "Gobblin": 0.8768301052233488, "Provisionr": 0.894526301840719, "TinkerPop": 0.8389793144752394, "Stanbol": 0.8662363649761323, "TVM": 0.8539764685442826, "Twill": 0.846849432399114, "trafficcontrol": 0.8866371502561975, "SkyWalking": 0.894883006781333, "ManifoldCF": 0.8153908851463103, "Trafodion": 0.8834453436564444, "River": 0.9009990288306101, "HCatalog": 0.8690461561267077, "Ratis": 0.8569647153596512, "Thrift": 0.8452064812587958, "mod_ftp": 0.9456598109373736, "Sanselan": 0.8511341800782137, "PDFBox": 0.8330506181860595, "Ranger": 0.8431963084693619, "Muse": 0.859497877183513, "Allura": 0.8424538593088828, "Drill": 0.8664552753627772, "Jena": 0.790020625035097, "Edgent": 0.8581265715103926, "ant": 0.8724420774458179, "HAWQ": 0.8797829600085576, "CouchDB": 0.8561716074842366, "Lens": 0.8789993435868861, "Flex": 0.8814886936993618, "Aries": 0.8976755347928839, "ACE": 0.8801731957199105, "Weex": 0.8179860398921752, "hdt": 0.8911274817024233, "HTrace": 0.867338260626316, "Sirona": 0.9025196792161847, "Harmony": 0.8960495034196659, "cmda": 0.920300913721805, "Parquet": 0.8445635592517347, "Iceberg": 0.8915934916789574, "Wink": 0.8471282223808762, "Felix": 0.8665814972919745, "Sentry": 0.8838891493559516, "OODT": 0.8887994031197335, "Helix": 0.8756094771261937, "Tuscany": 0.8233839629065393, "Amaterasu": 0.8977282434755958, "Tamaya": 0.899627044772408, "Yoko": 0.8761798604331581, "Graffito": 0.8599685445683747, "Shiro": 0.8270029712214464, "pubscribe": 0.8753993886050575, "Deltacloud": 0.8670691689308405, "Airflow": 0.8601859639247218, "Giraph": 0.866367182399989, "Joshua": 0.8568004517927392, "cotton": 0.9130485660009255, "Johnzon": 0.8801663807524247, "Wave": 0.8789926351242222, "Synapse": 0.8871802034833745, "PredictionIO": 0.8369431434996942, "bval": 0.8956498386417042, "MADlib": 0.8815504872996522, "Samza": 0.8438048643611944, "PhotArk": 0.8654324803676839, "iota": 0.8916429030931197, "JDO": 0.9053493067948106, "IoTDB": 0.8645989127627645, "Zeppelin": 0.8320689589067185, "DeviceMap": 0.8824325723457225, "CXF": 0.8223192600113509, "OpenJPA": 0.8460736232153679, "zeta": 0.8808435882453665, "Derby": 0.8531588099043826, "XAP": 0.8728905642723942, "Bloodhound": 0.9099945411542624, "CarbonData": 0.8540994079471345, "MRQL": 0.8852752284932738, "ServiceComb": 0.890648560432802, "depot": 0.8967768818469, "Corinthia": 0.9289396795458411, "HISE": 0.932712547075572, "Quickstep": 0.8822627632516044, "juddi": 0.9181727102856211, "Wookie": 0.8230119083434466, "marmotta": 0.8928415821951362, "oltu": 0.8591352087439942, "Bluesky": 0.8760373733560163, "Daffodil": 0.8479674378588777, "OpenNLP": 0.8239503608808824, "Mnemonic": 0.9131342900457032, "Ode": 0.8540465843501736, "Chemistry": 0.8903376060297223, "Directory": 0.8514612233891152, "Buildr": 0.8335389758131918, "DeltaSpike": 0.9035107129610667, "NetBeans": 0.8512986366420325, "Click": 0.8355352278557595, "adffaces": 0.8469403686723858, "Gearpump": 0.8736401643825489, "OpenAz": 0.8895374898783682, "HORN": 0.9003343981147611, "Hama": 0.832870559478331, "CloudStack": 0.8593980021919044, "Hudi": 0.8427329631143684, "Airavata": 0.8803961485421937, "Isis": 0.8729550246102298, "Openmeetings": 0.8215692197640732, "SIS": 0.9190245074048274, "Zipkin": 0.8994424282036882, "ActiveMQ": 0.7926981371317381, "Alois": 0.9610134456829249, "Eagle": 0.87881710353379, "CommonsRDF": 0.9367253038877633, "Phoenix": 0.8677284099745364, "Roller": 0.8279373682886065, "Accumulo": 0.8783805452786745, "Usergrid": 0.8674710204024467, "geronimo": 0.8645418948201661, "Pinot": 0.9120842575752958, "Tez": 0.8708295776988091, "Pirk": 0.906950171569082, "Ivy": 0.8481539289742347, "Wicket": 0.849872380296048, "APISIX": 0.8881189762993497, "Metron": 0.88922759834341, "cTAKES": 0.8879135819264324, "Lucy": 0.8761884750913284, "Knox": 0.8754260416060381, "Syncope": 0.8835981978804136, "TripleSoup": 0.9297325893826872, "Storm": 0.8756451241281538, "spamassassin": 0.8594282448743971, "Heraldry": 0.9130446353844383, "Bigtop": 0.8703620702773756, "Aurora": 0.8578619737979122, "Lokahi": 0.9207655366369921, "MRUnit": 0.9185359976504356, "Flume": 0.8678025878268875, "Mesos": 0.8360537043159327, "Gora": 0.8884743783219179, "Groovy": 0.8670423775014557, "jclouds": 0.8366628390992775, "Nutch": 0.8584936608749478, "Libcloud": 0.868134381520261, "iBATIS": 0.8341818603649204, "Beam": 0.8769643748859028, "Agila": 0.8664607083254466, "Stratos": 0.9135997990762893, "Curator": 0.8318951815024506, "AWF": 0.9388124165340025, "Fineract": 0.8578948007958064, "Any23": 0.9146235201685109, "trafficserver": 0.8739122535535838, "Fluo": 0.9017714292203679, "wadi": 0.9753341619211329, "ShardingSphere": 0.8622673401674114, "DataSketches": 0.8603018688251227, "Beehive": 0.8430435920872512, "Sqoop": 0.8854039248893174, "Abdera": 0.8614838373985557, "xmlbeans": 0.8725473780394937, "AsterixDB": 0.901270466434485, "DolphinScheduler": 0.8667001458589672, "RCF": 0.9807931175908111, "Juneau": 0.9371361515508693, "Kabuki": 0.8982444017039272, "Falcon": 0.8763771498288906, "Calcite": 0.8552206282088296, "Spark": 0.8627753736338019, "Brooklyn": 0.8670297953066497, "tapestry": 0.9073028112650242, "Griffin": 0.8507716608351051, "Kudu": 0.8668777829879468, "Subversion": 0.8643846193833246, "MyFaces": 0.8441918645553051, "Whirr": 0.8534233347092819,