{"Edgent": 0.5951024546319489, "hdt": 0.7264750655595935, "Mnemonic": 0.7409119101251573, "Juneau": 0.579317036942257, "odf": 0.6119993858779873, "Taverna": 0.5700109364146408, "zeta": 0.6535875662543587, "Streams": 0.6885212015314714, "Oozie": 0.6141655761596964, "Roller": 0.546814199105167, "Nuvem": 0.7537846338324107, "Synapse": 0.6410078801449636, "Griffin": 0.6380397108287609, "Guacamole": 0.5970141280370358, "Wave": 0.7000297871711326, "Kalumet": 0.70721398694134, "Jackrabbit": 0.6667967168179807, "Wink": 0.6653244795129577, "Deltacloud": 0.5977076828665823, "BatchEE": 0.5420360889748277, "Apex": 0.7427490509857609, "Falcon": 0.695358861523864, "Eagle": 0.737266217991185, "HAWQ": 0.7722795366218416, "ESME": 0.601568736858282, "Provisionr": 0.6398237132385541, "Gora": 0.6433097560344504, "Twill": 0.6182776722799183, "Pulsar": 0.6697320493190542, "Quickstep": 0.6590286630167795, "Flex": 0.7077039773628456, "PhotArk": 0.5639788190587038, "Tamaya": 0.5605813632008387, "Omid": 0.7970900205030651, "Tashi": 0.5692241142525959, "S4": 0.6283372924192362, "Phoenix": 0.6984525799934405, "River": 0.720636260575117, "SIS": 0.6354678393248292, "Myriad": 0.6979519614248055, "Ode": 0.611315044199489, "SAMOA": 0.6007863514578884, "empire": 0.4942652712027905, "SINGA": 0.6433548770845409, "DataFu": 0.546149914204677, "ECharts": 0.5671973915495934, "oltu": 0.6128712356384047, "PredictionIO": 0.6008902449586981, "Kafka": 0.6284194452523897, "OpenWhisk": 0.66731858341291, "Slider": 0.6314893364401217, "Directory": 0.5870122705630176, "MADlib": 0.7146075788496028, "Sling": 0.5422886872076514, "Olio": 0.6964181096456191, "Weex": 0.6091764553159112, "FtpServer": 0.5994518702980615, "Derby": 0.6515222192448044, "Aurora": 0.5663044323486554, "Superset": 0.663600034349034, "PLC4X": 0.5491500865464353, "Openmeetings": 0.5229204996507361, "Pirk": 0.6095045801786441, "Clerezza": 0.6208971682353699, "trafficcontrol": 0.7331331490446488, "Usergrid": 0.6727168092091332, "cTAKES": 0.6289436925928433, "ManifoldCF": 0.5334647084659102, "NetBeans": 0.587215973303594, "JSPWiki": 0.5044327895588083, "Mesos": 0.5375817700607206, "Celix": 0.59862724860359, "socialsite": 0.7091479170272448, "Dubbo": 0.6062726408232014, "Airflow": 0.6554058458641198, "Nutch": 0.7881729725968636, "Atlas": 0.6962147976601772, "Hama": 0.55018531787885, "Zipkin": 0.6421283813350808, "Bluesky": 0.7190502336613885, "HORN": 0.6092228653535922, "Calcite": 0.5516350544893274, "NPanday": 0.5913718506610972, "Heraldry": 0.7511931043192727, "SkyWalking": 0.6592033874263752, "HCatalog": 0.660877819003347, "Pinot": 0.7596838194011057, "S2Graph": 0.7136793821429741, "Tika": 0.7934360543041161, "Blur": 0.5089521087696354, "Graffito": 0.5904735881643532, "Ranger": 0.6559694262629706, "XAP": 0.6898308001402588, "Etch": 0.6071446902449832, "Wookie": 0.5277852834305924, "Abdera": 0.5409609958147568, "Corinthia": 0.570616897116497, "Qpid": 0.6362278807374823, "Droids": 0.6581338171711465, "bookkeeper": 0.5965461043910184, "Storm": 0.7796526257756956, "spamassassin": 0.7502457627074887, "FreeMarker": 0.5243989787763667, "Thrift": 0.6698548163018847, "Lokahi": 0.8516530369142732, "Isis": 0.5667080913592786, "HTrace": 0.6859050688856936, "Tez": 0.7235744354292081, "Johnzon": 0.5443672846305465, "Unomi": 0.6064279556055876, "UIMA": 0.5270355617629018, "Airavata": 0.6483848747051123, "Allura": 0.5989645160798538, "HISE": 0.8224443710379177, "Sirona": 0.5474821809810991, "SystemML": 0.6953755722122335, "Harmony": 0.6658323945222633, "xmlbeans": 0.7207821426893564, "Samza": 0.5555926837607292, "Ripple": 0.6431570213116551, "DolphinScheduler": 0.7065449533774223, "Sanselan": 0.5264733441903251, "Kato": 0.6495911164971114, "Fineract": 0.7307718427654412, "Bloodhound": 0.6490980720699584, "mod_ftp": 0.6512592787585874, "Aries": 0.7007330776628973, "TinkerPop": 0.554840244161526, "Shindig": 0.6395074972232112, "lucenenet": 0.651722413986419, "ACE": 0.6666446928514016, "RocketMQ": 0.6785607077234522, "TripleSoup": 0.6894470955777038, "Accumulo": 0.6981301481573017, "bval": 0.6707961157277493, "Impala": 0.7112222229934309, "depot": 0.6889498995893397, "RCF": 0.8733829927692597, "Beehive": 0.6335555002370582, "OpenAz": 0.7315810708435037, "Metron": 0.6710891809231988, "Helix": 0.6244530831227607, "Stanbol": 0.6313944829982806, "Kitty": 0.7154955887392934, "cmda": 0.7735568817465358, "Yoko": 0.7241300249762155, "Daffodil": 0.5657583793858951, "Alois": 0.8100686831339503, "Sqoop": 0.6936085323026044, "JuiCE": 0.8690790095825868, "Rya": 0.6954325770720049, "Trafodion": 0.733884097192714, "Ivy": 0.5301406983030433, "Wicket": 0.5374113251381224, "VXQuery": 0.6836258837481622, "Tephra": 0.6826138173113147, "Chemistry": 0.7324705814688288, "Chukwa": 0.607107965037795, "Gearpump": 0.704954824065799, "IoTDB": 0.5224180954839117, "iBATIS": 0.6498526184452462, "Felix": 0.6519277378911986, "MRQL": 0.5907595590479601, "Lucy": 0.5758180282223527, "ActiveMQ": 0.5805081312619049, "Joshua": 0.5810248653938812, "Iceberg": 0.6649554720966854, "Brooklyn": 0.6267993267802089, "Ignite": 0.5935784068454297, "iota": 0.6895259645511242, "Flume": 0.7137366296950794, "Rave": 0.6428692897198166, "AWF": 0.6876299243368716, "Syncope": 0.5922834026601315, "Bigtop": 0.6473578409270514, "marmotta": 0.5843780068258445, "Gobblin": 0.7230071823242477, "REEF": 0.6129017822294966, "Libcloud": 0.7397066178966694, "Gossip": 0.5706097146414242, "Druid": 0.6178252485531052, "Geode": 0.7965885750778554, "OpenWebBeans": 0.5952358385963379, "Kylin": 0.7136319986082867, "Fluo": 0.676212399725997, "Cayenne": 0.5314123744535258, "Shiro": 0.5013256403556845, "Hudi": 0.5821574662138125, "openoffice": 0.6312836991696748, "Knox": 0.5740826064551632, "Olingo": 0.725249528382853, "AsterixDB": 0.6965924148977037, "ShardingSphere": 0.5910821881340081, "CouchDB": 0.6796907099687435, "DeviceMap": 0.5177546121267973, "TVM": 0.7282091218532166, "Giraph": 0.6071140843206025, "PDFBox": 0.6501382466709797, "Flink": 0.6075627581717367, "Parquet": 0.6985742929819229, "Drill": 0.6629588071770719, "VCL": 0.6861759757608024, "OODT": 0.7317076056390621, "MRUnit": 0.7141953765594787, "Ratis": 0.7087094826672181, "Curator": 0.5051663388527209, "Amaterasu": 0.6835639207773185, "Buildr": 0.5782071214331772, "DataSketches": 0.5669655835545915, "ServiceComb": 0.659812963936745, "Tuscany": 0.5477470667673233, "OpenJPA": 0.6091198768401709, "ant": 0.7376815272432269, "NiFi": 0.6298342216036562, "Jena": 0.5143169997389422, "CommonsRDF": 0.6651471652077187, "climate": 0.7179759764065031, "DeltaSpike": 0.6114167412278184, "Mynewt": 0.6502656830461097, "Sentry": 0.7119998977504551, "NMaven": 0.5610988842077467, "Agila": 0.7205438973037875, "Pivot": 0.5861763308379454, "cotton": 0.824063886992232, "Warble": 0.8507148368360776, "Beam": 0.675367269650878, "Stratos": 0.7188196780917557, "Spark": 0.7262765444180538, "Cordova": 0.680840348291576, "OpenNLP": 0.527557889289291, "Zeppelin": 0.6499272418893413, "AriaTosca": 0.6621741020835059, "CarbonData": 0.6806319880771103, "Imperius": 0.6628883894629628, "CloudStack": 0.6735137205290335, "Muse": 0.645519408430981, "Crunch": 0.5574900106677196, "Tajo": 0.604567827882773, "trafficserver": 0.6208358356288065, "ServiceMix": 0.5703131219092549, "Groovy": 0.6614012089224637, "Stonehenge": 0.7379265204716761, "Kudu": 0.6585154911298344, "Any23": 0.6174025409486384, "JDO": 0.6139409896487864, "stdcxx": 0.4455096880808233, "CXF": 0.6290744108863858, "OFBiz": 0.6094728319175771, "Onami": 0.6429410174023769, "Pig": 0.7861759643224614, "Solr": 0.5583364445491757, "Cassandra": 0.6560653188511766, "lenya": 0.531209208249576, "Click": 0.5396671684112039, "adffaces": 0.5909583490104677, "Ambari": 0.7235737366311762, "Whirr": 0.637160997977314, "DirectMemory": 0.635132642573443, "jclouds": 0.5814424816030338, "commons": 0.6823743165894075, "tapestry": 0.707494889120337, "geronimo": 0.760809128577006, "Concerted": 0.5503645671867774, "APISIX": 0.6252530639753965,