{"Kitty": 0.8547974805568652, "Tika": 0.5512289494241829, "ServiceMix": 0.45616904097890854, "lucenenet": 0.6600178660030522, "Pivot": 0.4761835666748094, "Slider": 0.5182846530406776, "Streams": 0.304618448945798, "Gossip": 0.6178997814595323, "Unomi": 0.568205735127232, "odf": 0.49084509263218884, "Tephra": 0.5029690261000569, "VCL": 0.6463589306436306, "commons": 0.6636491284511834, "FtpServer": 0.0, "Superset": 0.5314108721168469, "Qpid": 0.7488708956901242, "OpenWebBeans": 0.236429698926669, "empire": 0.6510502524702324, "Stonehenge": 0.6912885328790982, "RocketMQ": 0.37519250150447153, "Impala": 0.638365676029796, "FreeMarker": 0.1600790233372803, "Celix": 0.1761333297166445, "ECharts": 0.39563971618373667, "Etch": 0.7102262573108418, "ESME": 0.674571816975503, "Tajo": 0.24603180878765182, "VXQuery": 0.6353588702569694, "Blur": 0.24379410964091047, "Kafka": 0.6429479786875744, "DataFu": 0.26429183881439106, "Droids": 0.8599269101583475, "Guacamole": 0.18179238396846228, "Dubbo": 0.5444411459493829, "PLC4X": 0.17305450298008979, "JSPWiki": 0.5085652151331761, "Tashi": 0.9735139511045042, "MetaModel": 0.12861461768226842, "Ambari": 0.7099113736457786, "Rave": 0.45234967964731443, "Sling": 0.47503137545730656, "Chukwa": 0.43044446103282025, "bookkeeper": 0.3694153981653984, "Apex": 0.7090487355830002, "stdcxx": 0.3616558146141423, "NMaven": 0.5654682522655275, "REEF": 0.6165192012958294, "UIMA": 0.8015698910070694, "Atlas": 0.6525557928908136, "Onami": 0.5687581891231114, "Taverna": 0.3145086063908936, "Cassandra": 0.33844764895975915, "OFBiz": 0.7512743124416749, "Olingo": 0.7009502270942316, "Mynewt": 0.46005273657461093, "Kylin": 0.5699384457168054, "NPanday": 0.45416429371214984, "Myriad": 0.7203860186125003, "SINGA": 0.5354047720889993, "Druid": 0.2997481660133347, "DirectMemory": 0.7017427267360102, "AriaTosca": 0.638110071908375, "Olio": 0.6578263130842217, "openoffice": 0.6032380881445901, "Jackrabbit": 0.6317616067694147, "SystemML": 0.5027100440134357, "Shindig": 0.730795725841246, "SAMOA": 0.3318026697847382, "Solr": 0.5673460457520828, "Clerezza": 0.5951677110817184, "Gobblin": 0.3990288543532654, "Provisionr": 0.24385197755821192, "TinkerPop": 0.40390816861301654, "Stanbol": 0.6859719496672013, "TVM": 0.35372662056321347, "Twill": 0.14192920850126053, "trafficcontrol": 0.5949555473326968, "SkyWalking": 0.46152796764039117, "ManifoldCF": 0.09966833011053633, "Trafodion": 0.4995639315792392, "River": 0.5154862487499872, "HCatalog": 0.7837022500044867, "Ratis": 0.6390148698462383, "Thrift": 0.5653480694701509, "mod_ftp": 0.5361776869841639, "Sanselan": 0.206431052155811, "PDFBox": 0.7131778388434027, "Ranger": 0.7115758556856, "Muse": 0.8852382598703868, "Drill": 0.48788382919805395, "Jena": 0.38029373191773286, "Edgent": 0.5460179904071527, "ant": 0.6565952712727801, "HAWQ": 0.5923516605379848, "CouchDB": 0.6154941488130304, "Lens": 0.6446540945732983, "Kalumet": 0.418866700302964, "Flex": 0.6733098949557905, "Allura": 0.6049519710451539, "Aries": 0.7435109654695168, "ACE": 0.2553223193488748, "Weex": 0.58113657255594, "hdt": 0.6521912165846905, "HTrace": 0.4443755451665902, "Sirona": 0.4035833783617744, "Harmony": 0.6992808538873153, "cmda": 0.45278073511453365, "Parquet": 0.30882438411656715, "Iceberg": 0.2735229084534409, "Felix": 0.4803164685876612, "BatchEE": 0.3328558273636905, "Wink": 0.6961914389544505, "Sentry": 0.8178760619817732, "OODT": 0.6926212516651669, "Helix": 0.77865959344574, "Tuscany": 0.7042220319999475, "Omid": 0.6083778561896689, "Yoko": 0.7667753595001514, "Graffito": 0.3580162375357268, "Shiro": 0.6651294624390831, "Kato": 0.6040087114439979, "Deltacloud": 0.4121773281466444, "Airflow": 0.6222083916433353, "Giraph": 0.6599054773488249, "Joshua": 0.5114481561052843, "Johnzon": 0.5102484712914037, "Wave": 0.5753401023990307, "Tamaya": 0.4195456900171958, "OpenWhisk": 0.6618542689136064, "Synapse": 0.49423040984354194, "PredictionIO": 0.3723938783770744, "MADlib": 0.33826662559498977, "Samza": 0.44617475628889036, "Oozie": 0.7829708395465026, "PhotArk": 0.3007829866610676, "iota": 0.6887188719176844, "JDO": 0.6900530620525649, "IoTDB": 0.34256393780952815, "Zeppelin": 0.45492970660096943, "DeviceMap": 0.7457405653826964, "CXF": 0.69530539647322, "OpenJPA": 0.7422320135228152, "zeta": 0.4904248602106345, "Derby": 0.9577985936544314, "XAP": 0.4860495261380562, "Bloodhound": 0.643585132969668, "CarbonData": 0.5133846425265159, "MRQL": 0.11280395245682676, "ServiceComb": 0.5603427423456262, "Corinthia": 0.23423566800259568, "HISE": 0.7402395005517298, "Quickstep": 0.5634324880716023, "Wookie": 0.501971579800841, "Ripple": 0.2369060196819105, "marmotta": 0.7551326343370148, "oltu": 0.5294657236618681, "Bluesky": 0.8443685140653434, "Daffodil": 0.45930171871263376, "OpenNLP": 0.4039337816489519, "Mnemonic": 0.22818679866960825, "Ode": 0.7573599116313146, "Chemistry": 0.30976099173212807, "Buildr": 0.4579661170409748, "DeltaSpike": 0.5077479331157058, "NetBeans": 0.3749900471205743, "Click": 0.4443300443312525, "adffaces": 0.4779503832518589, "Imperius": 0.5559275661671487, "Gearpump": 0.4761169731854759, "OpenAz": 0.5595981042806678, "HORN": 0.5037650318826493, "Pulsar": 0.34727672241807434, "Hama": 0.08114761544313248, "S4": 0.5098191215826104, "CloudStack": 0.6590655383852262, "Hudi": 0.5938460874450536, "Airavata": 0.6030027946880806, "Isis": 0.16513884475696403, "Openmeetings": 0.4057226224786384, "Zipkin": 0.38378331998523224, "ActiveMQ": 0.5337540064556235, "Alois": 0.10507231590367441, "Flink": 0.5445126909692999, "Eagle": 0.5414228835943327, "Phoenix": 0.6097518126001924, "climate": 0.40753662438721533, "Roller": 0.39957982619161664, "Accumulo": 0.6008763221879496, "Usergrid": 0.6196941429887938, "pubscribe": 0.9843523545752327, "Pinot": 0.6000333044913961, "Tez": 0.5513840017880601, "Pirk": 0.30335932162148416, "Ivy": 0.5572539219459811, "Wicket": 0.7513712156749678, "APISIX": 0.536752755871033, "Metron": 0.6561796314258892, "Lucy": 0.17015989884590363, "S2Graph": 0.3425065921781831, "Rya": 0.6810514048493346, "Knox": 0.3763152132463629, "Syncope": 0.41755838173694715, "Storm": 0.5905643200388674, "Heraldry": 0.6844500674449668, "Bigtop": 0.270737399483158, "Aurora": 0.6788063528239712, "Lokahi": 0.32289009055720236, "MRUnit": 0.6991291294500304, "Flume": 0.5087674123594098, "Mesos": 0.361919323450906, "Gora": 0.7035537992570624, "jclouds": 0.31527608998082374, "JuiCE": 0.8924960443820791, "Nutch": 0.21541616699392174, "Libcloud": 0.6594970237322627, "iBATIS": 0.8501069679697572, "Beam": 0.4824047484400985, "bval": 0.7456713959368811, "Stratos": 0.7614985997205674, "Curator": 0.12533793699594323, "cTAKES": 0.7121638303626184, "Amaterasu": 0.6504753494766965, "Fineract": 0.25712404394418675, "Any23": 0.5632730275233994, "trafficserver": 0.7274466092761069, "Fluo": 0.4132264123622721, "wadi": 0.0, "Nuvem": 0.4816023914706588, "ShardingSphere": 0.7408474250809212, "DataSketches": 0.42998102915954045, "Beehive": 0.6679788802454546, "AWF": 0.4135169278861286, "Sqoop": 0.4550182610670856, "Abdera": 0.3968154455341069, "SIS": 0.29152000494041125, "Groovy": 0.33493158008222396, "CommonsRDF": 0.28261697268592545, "Directory": 0.5779233150683373, "AsterixDB": 0.4506738080310034, "DolphinScheduler": 0.5668574613458701, "Agila": 0.6985978137587272, "RCF": 0.0, "Juneau": 0.011059582067298897, "Falcon": 0.7853771356450434, "Calcite": 0.22194840848119102, "Brooklyn": 0.39815392783509074, "Warble": 0.4498763680913596, "Griffin": 0.3336079877463344, "TripleSoup": 0.7285697609698741, "Kudu": 0.46894188001458187, "Subversion": 0.40328348173076106, "MyFaces": 0.7664745206351888, "Whirr": 0.4352762456459231, "Cordova": 0.6527756381176865, "Ignite": 0.7299023505145352, "Composer": 0.9883479057690214, "Pig": 0.39172660881412374, "Spark": 0.4921433733043369, "NiFi": 0.42456416674201286, "Cayenne": 0.21252068435175386, "Geode": 0.6679125100984717, "struts": 0.7366934921717341, "Crunch": 0.3931496055345648, "Kabuki": 0.0,