{"SkyWalking": 0.7077481756893237, "HAWQ": 0.8245629753721163, "Tez": 0.703325412927146, "Hama": 0.6962745744940019, "Atlas": 0.7784399501409177, "Celix": 0.7183713041741246, "DataFu": 0.7181687347612579, "Wink": 0.710165113402126, "IoTDB": 0.6225116523376698, "Geode": 0.7964511393423636, "Solr": 0.747118597425588, "ActiveMQ": 0.6713511756499079, "Jena": 0.6511687607642814, "Airavata": 0.7157451432572539, "Graffito": 0.6594873990221046, "Iceberg": 0.7476036365903933, "trafficcontrol": 0.7855610414892136, "Synapse": 0.7137381162670231, "TinkerPop": 0.6890946007616842, "Tuscany": 0.7182413967314957, "Joshua": 0.792617235568025, "Mesos": 0.6441364694338522, "VXQuery": 0.6801669135221503, "Thrift": 0.7403809707501189, "NPanday": 0.7003489724617834, "Libcloud": 0.7626604507764176, "Gobblin": 0.7972726243972469, "Clerezza": 0.7152537796593182, "Quickstep": 0.7465169012094296, "VCL": 0.7222108272504738, "S2Graph": 0.7288816316288683, "Stanbol": 0.7379449923455248, "UIMA": 0.6995979449615695, "Flume": 0.6767776948897091, "Etch": 0.7021853980221878, "Cordova": 0.772084862973126, "Shiro": 0.694372080409241, "empire": 0.7120648225651693, "Derby": 0.7405444898927281, "Falcon": 0.767888661539757, "Olingo": 0.7463025625621524, "Edgent": 0.7840606913817958, "HCatalog": 0.7346956144029069, "Rya": 0.8229880203852522, "climate": 0.7657485644033121, "Daffodil": 0.7457485064697825, "JDO": 0.6752949394783255, "MADlib": 0.8311599746009621, "NMaven": 0.6537831183640368, "Tashi": 0.7403416967779061, "OFBiz": 0.6534523048239389, "Parquet": 0.8387317147919322, "Mynewt": 0.7541328848276755, "Lens": 0.759059372002469, "OpenJPA": 0.7464002124843211, "Ranger": 0.7721478603784152, "Blur": 0.6880836924415623, "Isis": 0.6093607918247318, "Kato": 0.6776302056175734, "Bloodhound": 0.7965608560604767, "Click": 0.6615119984896821, "AriaTosca": 0.7598558112262566, "Yoko": 0.72738400439192, "Openmeetings": 0.6895703940789427, "Crunch": 0.7216984985171621, "Onami": 0.7358010751684497, "DolphinScheduler": 0.716389063898594, "odf": 0.7210130134634297, "Griffin": 0.8120419428964277, "Shindig": 0.7349624809228338, "ServiceComb": 0.7317511927324464, "Fluo": 0.7111169518175352, "ACE": 0.6712650858342543, "Qpid": 0.7440802056879646, "DeltaSpike": 0.7151731838598643, "Stonehenge": 0.702890085981417, "SAMOA": 0.7391319336746951, "Imperius": 0.6875036361201379, "ECharts": 0.6863977347060265, "AsterixDB": 0.7740715823366351, "Chemistry": 0.717853106979286, "Superset": 0.794206562965275, "REEF": 0.7766887396916129, "Olio": 0.715043173302572, "lucenenet": 0.7022440107573042, "Slider": 0.7178935603350085, "JSPWiki": 0.691298406279945, "Cayenne": 0.6377345467359344, "Phoenix": 0.7480635647606659, "Druid": 0.716025272605158, "oltu": 0.7629977528897587, "Metron": 0.7807624868187653, "Giraph": 0.7678999347998261, "cTAKES": 0.7419550913196649, "Oozie": 0.7053212292319865, "Streams": 0.6816230722181269, "Wave": 0.7468559440845315, "Calcite": 0.7222996436284931, "PhotArk": 0.7410076648061872, "Tajo": 0.6903677616115277, "Kudu": 0.743852650081105, "Ivy": 0.6696765827494732, "Accumulo": 0.7088548387737164, "Impala": 0.8100192174364138, "Allura": 0.7737751450738836, "Taverna": 0.7411277047434718, "Chukwa": 0.6805692866102256, "Wookie": 0.699366155688855, "stdcxx": 0.6497178208461838, "PDFBox": 0.7334810225097669, "CouchDB": 0.7376960363008449, "OODT": 0.7052577704063969, "ManifoldCF": 0.6473309811586542, "ShardingSphere": 0.7432850756363576, "Omid": 0.7455665206603743, "HTrace": 0.7567494716894754, "Samza": 0.771428737238067, "Drill": 0.7613401566493391, "Gearpump": 0.725066395744, "Sqoop": 0.7009495007861316, "Gossip": 0.7974759826200912, "DeviceMap": 0.7252257198050531, "Provisionr": 0.7318375442196507, "Zipkin": 0.6667832620004129, "OpenWebBeans": 0.6497556995198143, "bookkeeper": 0.8357977699344065, "Tephra": 0.8031242804870644, "Lucy": 0.6720246096164769, "BatchEE": 0.7262692537232526, "Gora": 0.7517299835450958, "XAP": 0.6734583378047931, "ESME": 0.7623830506813943, "SystemML": 0.7461411996001163, "Subversion": 0.7618624441585413, "Aries": 0.7706737649170824, "CXF": 0.7236291670726359, "Nutch": 0.6996956180376307, "Bigtop": 0.7310719178945201, "DataSketches": 0.7016809028609957, "Deltacloud": 0.7116744566659863, "SINGA": 0.7607908437240154, "FreeMarker": 0.6811638468966271, "pubscribe": 0.7167322287751252, "adffaces": 0.6977672395171108, "Wicket": 0.7685849731911186, "Ambari": 0.7553037277869925, "Curator": 0.7332320288081384, "Trafodion": 0.792091779556275, "Felix": 0.7471490668481682, "OpenWhisk": 0.8059884355609844, "Pinot": 0.730674040571279, "Abdera": 0.6594007623201387, "Pig": 0.6796871636153882, "Storm": 0.8659543917167318, "Stratos": 0.7690329764320548, "Tamaya": 0.7013582394931098, "Composer": 0.6685774879626436, "Juneau": 0.6611890845165446, "Corinthia": 0.7053830924753388, "River": 0.7097583607240261, "Sling": 0.6732879902264463, "ant": 0.7184342922129198, "Zeppelin": 0.8213286126914658, "openoffice": 0.6989326965164729, "hdt": 0.7236216469969935, "Beehive": 0.7079647388918233, "Rave": 0.7387781742050904, "zeta": 0.6453095219132651, "CloudStack": 0.7370692483463287, "TVM": 0.7038643297706664, "jclouds": 0.7746203158967775, "Sentry": 0.7842112265270557, "Dubbo": 0.7675116576402392, "Myriad": 0.85192489411793, "FtpServer": 0.6207498240255964, "Helix": 0.726913458669465, "Pulsar": 0.747852900968832, "Jackrabbit": 0.7243132437777527, "Apex": 0.840493604106183, "Roller": 0.717217634501394, "MRQL": 0.6682101187063977, "Whirr": 0.7181445756427393, "Twill": 0.7153521730967439, "Kafka": 0.7266370968243622, "NiFi": 0.6844343735552394, "Any23": 0.683192684024732, "SIS": 0.7827513339353829, "MyFaces": 0.7636500086101974, "Flink": 0.7916129271070931, "Kylin": 0.7891450513101135, "Bluesky": 0.6846507635033767, "Eagle": 0.7938105754353725, "Aurora": 0.7679880438289467, "Spark": 0.8206470370844579, "Alois": 0.6186235908649681, "Kitty": 0.75880393700643, "Lokahi": 0.6281381608590779, "Sanselan": 0.6455513473247528, "Usergrid": 0.7092779057651067, "Ignite": 0.7346940969918525, "Mnemonic": 0.7493226050397905, "Muse": 0.6725474899160827, "Knox": 0.6894582568498369, "Fineract": 0.8475610104882022, "Droids": 0.7549874126909347, "HISE": 0.7242605871185888, "APISIX": 0.8255851853245504, "Ode": 0.6940295774947882, "OpenNLP": 0.6671125716159411, "Buildr": 0.7450622806650714, "Ratis": 0.7116306515728401, "Flex": 0.7732347221909032, "iota": 0.8169146407744158, "bval": 0.7343895073951616, "Sirona": 0.6566019700595963, "HORN": 0.760111521489685, "Nuvem": 0.7248698647414364, "RocketMQ": 0.8004655722391693, "S4": 0.6989405612957361, "Kabuki": 0.0, "MRUnit": 0.7886562569989913, "Airflow": 0.9507855867602332, "trafficserver": 0.7333180916487745, "cmda": 0.7409380406670162, "Cassandra": 0.7163119626139888, "Harmony": 0.6458869938161018, "Johnzon": 0.7236108143063921, "AWF": 0.7333154931734384, "Ripple": 0.701475841086122, "Syncope": 0.7098422193900501, "Unomi": 0.6751795703382582, "DirectMemory": 0.7661385181494466, "Kalumet": 0.6866438955731967, "Pivot": 0.6794448357513998, "ServiceMix": 0.6634651475639887, "PLC4X": 0.6617695598385767, "OpenAz": 0.6790958443886429, "Tika": 0.7206930604578728, "struts": 0.7415071047934992, "Pirk": 0.7831869535739285, "Concerted": 0.713834176026569, "Heraldry": 0.6751108654339284, "Amaterasu": 0.6436127952774402, "Guacamole": 0.6804843098063124, "commons": 0.7743383459578731, "Hudi": 0.7365659121364098, "mod_ftp": 0.7107052411928292, "iBATIS": 0.768486018786587, "CarbonData": 0.797473235722523, "Warble": 0.7886621919643216, "Agila": 0.6927616145561347, "RCF": 0.0, "TripleSoup": 0.6827378103261305, "Brooklyn": 0.7795972054221847, "MetaModel": 0.7838177003658423, "Directory": 0.7262276700715944, "CommonsRDF": 0.8165982976888227, "JuiCE": 0.7486089207386543, "NetBeans": 0.7952782713508879, "Groovy": 0.818927150731697, "Beam": 0.0, "PredictionIO": 1.0}