{"Edgent": 0.7278838220647449, "hdt": 0.6978922154577314, "Mnemonic": 0.6451045408696071, "Juneau": 0.6070574591521067, "odf": 0.6434488179557112, "zeta": 0.6385175174186506, "Streams": 0.5504570916582473, "Oozie": 0.6787437053954782, "Roller": 0.6122484652200975, "Nuvem": 0.6492569733178524, "Synapse": 0.6050534486923904, "Griffin": 0.7418140580320598, "Kalumet": 0.476901065647742, "Jackrabbit": 0.6780327625328113, "Wink": 0.6274532582881521, "Deltacloud": 0.6108714364563189, "BatchEE": 0.6979199184993581, "Apex": 0.8035478467790292, "Falcon": 0.7226879221220569, "Eagle": 0.7720710523590237, "HAWQ": 0.7679108892803491, "ESME": 0.7021331620333092, "Gora": 0.7180386394149796, "Twill": 0.6592220353101674, "Pulsar": 0.4184827524371558, "Quickstep": 0.6756560380363964, "Flex": 0.6082972913419427, "PhotArk": 0.5943589076173975, "Omid": 0.7039064428968955, "Tashi": 0.6616236189318198, "Phoenix": 0.711616172408971, "River": 0.6319640149436409, "Ode": 0.6361796802141985, "empire": 0.607326404721275, "SINGA": 0.6955575739097907, "DataFu": 0.6214067015256146, "ECharts": 0.6291245889423486, "oltu": 0.6571325675348695, "Kafka": 0.6908230518030911, "OpenWhisk": 0.7717135602183615, "Slider": 0.6279831144742072, "MADlib": 0.7878901548450554, "Sling": 0.5593692614539406, "Olio": 0.6721675245761788, "FtpServer": 0.5053775206509512, "Derby": 0.6836401460176228, "Aurora": 0.709686398721433, "PLC4X": 0.42605652472746347, "Openmeetings": 0.5624476616567551, "Pirk": 0.748216059043854, "Clerezza": 0.5838359453259525, "trafficcontrol": 0.7417056951927843, "Usergrid": 0.6605399676248017, "cTAKES": 0.6166183236659546, "ManifoldCF": 0.5431723390295158, "JSPWiki": 0.5875619932915035, "Mesos": 0.5287777861994386, "Celix": 0.6070546117946304, "Dubbo": 0.7195810748436052, "Atlas": 0.7450645854978757, "Hama": 0.5783423674462498, "Tika": 0.6166169507005126, "Zipkin": 0.659808410731501, "PredictionIO": 1.0, "Felix": 0.5567455885703646, "HORN": 0.701653328930539, "Calcite": 0.6367491158821915, "NPanday": 0.5784622733634684, "Heraldry": 0.6376145589732326, "SkyWalking": 0.6697735540300493, "HCatalog": 0.7073754007959726, "Pinot": 0.7123070240736671, "Wave": 0.6552557833098344, "Blur": 0.5965611390955244, "Graffito": 0.5685300833274296, "Ranger": 0.7324870165868083, "XAP": 0.5913993187615644, "Wookie": 0.6097460961508648, "Abdera": 0.5743393240861027, "Corinthia": 0.675881751534695, "Qpid": 0.6689925870914954, "Droids": 0.70511549305538, "bookkeeper": 0.7539662580106292, "Storm": 0.8417299179340882, "FreeMarker": 0.6590372561340425, "Thrift": 0.6398393616043554, "Lokahi": 0.591287541425356, "Etch": 0.6107417410801613, "Isis": 0.5274058322233238, "HTrace": 0.7108764050447023, "Tez": 0.6500987578914414, "UIMA": 0.6421671899739939, "Airavata": 0.6349674412805216, "Allura": 0.6841466808831227, "HISE": 0.6682442982275595, "SystemML": 0.7139092275759574, "Samza": 0.6402611057539274, "DolphinScheduler": 0.6693578212029093, "Sanselan": 0.6005864085710793, "Bloodhound": 0.6524616030799748, "mod_ftp": 0.6761708453298247, "Aries": 0.6823569850780072, "TinkerPop": 0.627632536308037, "Shindig": 0.6466443231073485, "lucenenet": 0.6426415708673916, "ACE": 0.5389181357990271, "Fineract": 0.81995630065157, "TripleSoup": 0.6368532073378353, "Taverna": 0.6847317815329267, "Accumulo": 0.616497036920703, "bval": 0.6681273631048056, "Impala": 0.7901974836050799, "Bluesky": 0.664385186503719, "RCF": 0.0, "Superset": 0.7345253216565959, "Metron": 0.7086087791104019, "Helix": 0.6801812662470453, "Stanbol": 0.6406524957101993, "Kitty": 0.6824970323000429, "Yoko": 0.6810731767889627, "Daffodil": 0.6492543248686011, "Alois": 0.6046121485679027, "Sqoop": 0.6419337125516233, "Rya": 0.8015706985836687, "Trafodion": 0.7667049217628233, "Ivy": 0.6198917626524605, "Myriad": 0.8167307136625895, "VXQuery": 0.6423373125460691, "S2Graph": 0.6623271239350033, "Tephra": 0.7680298703559217, "Chemistry": 0.5375520373782842, "Chukwa": 0.6098574033901004, "Gearpump": 0.6910203420842765, "iBATIS": 0.6177120154792661, "Tamaya": 0.6502746056316728, "MRQL": 0.6056465392324953, "Lucy": 0.5362185007304813, "ActiveMQ": 0.6080437932565146, "Joshua": 0.7310546232614066, "Iceberg": 0.6368447635541675, "Flume": 0.6252169242638176, "cmda": 0.7272393584587761, "Rave": 0.583809339922982, "Syncope": 0.5630873240639113, "Bigtop": 0.563384203092559, "SAMOA": 0.740607144982926, "iota": 0.7815924530606425, "Gobblin": 0.7679600729448779, "REEF": 0.7445598428423394, "Libcloud": 0.6984333614149316, "Druid": 0.677191698099189, "OpenWebBeans": 0.5623461678322104, "Kylin": 0.7124610952118943, "Fluo": 0.5691064225064475, "Cayenne": 0.5432097315482778, "Shiro": 0.6048467999255437, "openoffice": 0.6527703377559947, "Knox": 0.6236248485058935, "Olingo": 0.7041346071320257, "AsterixDB": 0.7568968030258534, "CouchDB": 0.4868271352624137, "TVM": 0.6222977931030289, "Giraph": 0.7256329033868139, "PDFBox": 0.6842720284116997, "Flink": 0.7325099472432055, "Drill": 0.7177723549197934, "Sirona": 0.5808172461402729, "VCL": 0.622081546016346, "OODT": 0.5795971995150773, "Curator": 0.7039966830350542, "MRUnit": 0.7250186527956817, "Buildr": 0.6193596228957284, "DataSketches": 0.6708999849486786, "ServiceComb": 0.6502157296415071, "Tuscany": 0.6526579636937023, "OpenJPA": 0.7526150327851399, "ant": 0.5543511702087958, "NiFi": 0.6637460425446398, "Beehive": 0.601944781746888, "DeviceMap": 0.6276604199747378, "Jena": 0.5269744105057317, "Gossip": 0.7385790733847518, "climate": 0.6515072364631682, "DeltaSpike": 0.6800997948463786, "IoTDB": 0.538766378516106, "Mynewt": 0.692038091664268, "Sentry": 0.7563724798330348, "NMaven": 0.6079121311465047, "Agila": 0.6396069875429538, "Pivot": 0.6230193750381681, "RocketMQ": 0.634446919212352, "Stratos": 0.7188919269136973, "Cordova": 0.711821788294547, "OpenNLP": 0.6054435239625222, "AriaTosca": 0.6847300478566908, "Unomi": 0.6207338154987027, "Parquet": 0.803340025902963, "Johnzon": 0.6745959326226447, "SIS": 0.7507243713003311, "Imperius": 0.6572286453671176, "CloudStack": 0.7230011990031797, "Muse": 0.5663044299838668, "Crunch": 0.6828350360768071, "Tajo": 0.6564856542539974, "Provisionr": 0.7228866125085658, "Groovy": 0.811317145819351, "Stonehenge": 0.6716726846462872, "Any23": 0.640649463883071, "JDO": 0.6471674091809045, "Amaterasu": 0.6346994744806425, "AWF": 0.5234106238772245, "stdcxx": 0.59930003761026, "Kato": 0.5913965225537099, "CXF": 0.6357473812161251, "OFBiz": 0.6257087604788105, "Onami": 0.631447629762374, "Pig": 0.6149154519654013, "Composer": 0.6222401399226705, "Solr": 0.6862527488796236, "Cassandra": 0.6135476020009375, "S4": 0.6826330775514772, "Kudu": 0.7225906643000248, "Guacamole": 0.640906310641833, "OpenAz": 0.6864250027514258, "Warble": 0.727161493745184, "Click": 0.5594756913819545, "Ratis": 0.6734198155558306, "ShardingSphere": 0.6740729773307851, "Geode": 0.7595549677501705, "NetBeans": 0.7819041950714934, "Ripple": 0.6230034575304741, "Ambari": 0.6813988432092628, "Whirr": 0.6215511547777873, "Harmony": 0.5779909221018202, "DirectMemory": 0.6457943617984885, "CarbonData": 0.7634684286601694, "jclouds": 0.6959133345495276, "Zeppelin": 0.7891206896116971, "commons": 0.6676358720198471, "Hudi": 0.7115124597975759, "Weex": 0.5811761848381904, "APISIX": 0.7034151069821526, "Lens": 0.728234435490249, "Subversion": 0.513727028078198, "MyFaces": 0.7045520090776491, "Ignite": 0.7133689327354805, "CommonsRDF": 0.8165982976888227, "struts": 0.6686009204565988, "adffaces": 0.599161042089388, "JuiCE": 0.7713711413894072, "ServiceMix": 0.6009186483226057, "Wicket": 0.7354263140492524, "MetaModel": 0.7611048222859108, "pubscribe": 0.6859300343601712, "Spark": 0.7655075425809327, "Concerted": 0.7033818272083016, "Nutch": 0.3494196360730944, "Brooklyn": 0.7684512766099094, "Kabuki": 0.0, "trafficserver": 0.7003239944473779, "Beam": 0.0, "Airflow": 0.9142116476398264, "Directory": 0.7158464521372658}