{"Etch": 0.7161314696344181, "Impala": 0.7640268587551093, "Shindig": 0.7341003999379777, "Droids": 0.7690419063667032, "NetBeans": 0.6400291020428951, "Zeppelin": 0.8167524178585811, "Rya": 0.7459769769190328, "FreeMarker": 0.6398068425007143, "stdcxx": 0.6506222570333952, "OpenWhisk": 0.8006495047963947, "Wave": 0.6645591751742574, "Beam": 0.7623458406019915, "Trafodion": 0.7286339955283849, "Ratis": 0.7875651474193172, "REEF": 0.7279931024767643, "MRUnit": 0.7936099930422862, "OFBiz": 0.6577949817274326, "Crunch": 0.7271210068878503, "Atlas": 0.7496287086520593, "NMaven": 0.6537831183640368, "ant": 0.7213245492814347, "Kylin": 0.7104066029933312, "XAP": 0.6726361869615128, "DataSketches": 0.6787916338869954, "CouchDB": 0.7407696806362962, "AWF": 0.749881297860532, "DeviceMap": 0.7535533229910854, "Celix": 0.6933050833040446, "Roller": 0.7122330199480661, "SINGA": 0.7358582886385128, "Ambari": 0.7584025091464943, "Guacamole": 0.6510540784646015, "HCatalog": 0.7469436616752755, "ECharts": 0.699725197446066, "Tika": 0.7396062890418778, "Gora": 0.7698655821125332, "Unomi": 0.7160555921354123, "Tashi": 0.766905270977972, "ShardingSphere": 0.7691068631444817, "Pinot": 0.7328387205559249, "Chukwa": 0.7217798022499318, "Allura": 0.7746155315874951, "Flume": 0.6942294454989594, "Knox": 0.6689570554900266, "Airflow": 0.8288065856752412, "Eagle": 0.7338369722759209, "HTrace": 0.7262585384804886, "Daffodil": 0.7415804881610487, "Usergrid": 0.7399643158755329, "MADlib": 0.6857430790743602, "Ode": 0.6969673329421036, "Dubbo": 0.7674568075797307, "Weex": 0.7357411789449093, "Fluo": 0.6821929754770311, "Tez": 0.6969218339118198, "Jackrabbit": 0.7218436441511589, "CarbonData": 0.7742658969063138, "Yoko": 0.7275222075277209, "bookkeeper": 0.7319945753982479, "ServiceMix": 0.6732810169675176, "HAWQ": 0.7203244374143545, "Gobblin": 0.7199411005806514, "Subversion": 0.7700683069760729, "Isis": 0.6087604854015369, "Griffin": 0.6624291694100328, "Helix": 0.7053755844744435, "Brooklyn": 0.7289740656696609, "Metron": 0.7475722798224564, "VCL": 0.718108607004764, "Chemistry": 0.7611568082600928, "Slider": 0.7151787436257487, "Giraph": 0.7715116827127751, "Falcon": 0.7376602592036939, "CommonsRDF": 0.7147540104965757, "Clerezza": 0.7238180981573458, "Ranger": 0.7498574916439247, "Curator": 0.6351150341659566, "Libcloud": 0.7611378712640942, "Gearpump": 0.689949975473233, "Tamaya": 0.6875227054628614, "Harmony": 0.6950053017946334, "CXF": 0.7238388512391948, "Cayenne": 0.6435573237493547, "Sling": 0.6720329358310885, "Flink": 0.7249612242029911, "MRQL": 0.6784179884089452, "JSPWiki": 0.6998931498109943, "PLC4X": 0.6846808101305197, "TVM": 0.6990884601386467, "Jena": 0.6499167225397611, "Tephra": 0.7282218935483831, "Druid": 0.7188828565231301, "Muse": 0.7029341528308604, "ESME": 0.7737488065677066, "PhotArk": 0.7721251278491803, "S4": 0.7229086926750934, "Synapse": 0.7152457599959775, "SIS": 0.7580822987571718, "Wookie": 0.7010540316034221, "odf": 0.7331337159086827, "DeltaSpike": 0.7186488685035585, "Mesos": 0.6432121091139816, "Quickstep": 0.7175802125348085, "Iceberg": 0.7426678964097924, "Kudu": 0.7162242815828376, "Geode": 0.7180788459121944, "bval": 0.7527678633558814, "Lens": 0.7471309452300211, "Superset": 0.7930390282187162, "OpenWebBeans": 0.6504962811304847, "Imperius": 0.7734116986807983, "Edgent": 0.7504429448080762, "Sirona": 0.6605555655271097, "VXQuery": 0.6912769288340329, "Bigtop": 0.7347142037536246, "TinkerPop": 0.7160376417199643, "BatchEE": 0.6736439909780537, "Thrift": 0.7370363646823044, "PredictionIO": 0.7399081737778546, "Hama": 0.6962709317448421, "Lucy": 0.6885054270778275, "Mynewt": 0.7161241555251653, "ACE": 0.7040903448909301, "NPanday": 0.7143387036716923, "Juneau": 0.6004955035681819, "Parquet": 0.727493951567561, "Streams": 0.7045287721397128, "Any23": 0.7087671216319955, "Ignite": 0.718701077989869, "Provisionr": 0.6527295004848378, "Joshua": 0.7211923478550784, "Hudi": 0.7850916195706449, "AriaTosca": 0.7635004503778243, "Myriad": 0.8143923097710392, "Solr": 0.7447410704561533, "Apex": 0.7582823985288555, "Fineract": 0.674958209320578, "iBATIS": 0.7686919364824005, "Mnemonic": 0.7535089423743438, "Syncope": 0.7226570796728546, "Omid": 0.7304475321866952, "Sentry": 0.775665202653416, "Shiro": 0.7250176234030474, "Felix": 0.7533144980076083, "Pulsar": 0.7659236067287382, "Cassandra": 0.7370426840734088, "Olio": 0.7218538556978662, "wadi": 0.729924739551045, "UIMA": 0.7001437842592189, "Qpid": 0.7442946408456338, "Cordova": 0.7792194805671211, "Kafka": 0.7252725459555897, "AsterixDB": 0.6948694518829543, "Oozie": 0.705087672741912, "lucenenet": 0.7039791817343974, "ManifoldCF": 0.6419669212900646, "Graffito": 0.6691509838221307, "PDFBox": 0.7336652456913135, "Taverna": 0.6710535631708753, "Pig": 0.6800334942066609, "CloudStack": 0.7485877202196257, "jclouds": 0.6451177109249806, "adffaces": 0.7010653326915622, "openoffice": 0.6992085353304404, "ServiceComb": 0.7170237890627893, "ActiveMQ": 0.6806415478468152, "struts": 0.737324573880267, "zeta": 0.6612320943044235, "Click": 0.6662822136064961, "Blur": 0.657212192560304, "Johnzon": 0.6828546766777974, "IoTDB": 0.6270690389688934, "Tuscany": 0.7189611096047084, "Pivot": 0.6799940822622488, "Buildr": 0.750179840108697, "Wicket": 0.7202623930480271, "Calcite": 0.6860459875157974, "cTAKES": 0.7487397061856996, "Kitty": 0.8043279248234306, "Derby": 0.7460257632327878, "Kalumet": 0.7380108290683182, "Openmeetings": 0.6881678658896028, "Deltacloud": 0.7062338701072832, "Bloodhound": 0.7989614241571947, "DolphinScheduler": 0.7794733871513566, "Drill": 0.7258511702250168, "Twill": 0.7071133732756908, "Aurora": 0.7474318575290607, "SAMOA": 0.7282846932789181, "JDO": 0.6786480258587162, "Sqoop": 0.7016999919786636, "oltu": 0.7828978487947972, "Tajo": 0.6621530485778437, "Abdera": 0.6630494515291618, "SystemML": 0.7126500366704096, "Storm": 0.7697129816438066, "DataFu": 0.7324930970020451, "mod_ftp": 0.7107052411928292, "OpenAz": 0.7027322849418304, "SkyWalking": 0.7008302953555068, "trafficcontrol": 0.7308621923621437, "marmotta": 0.6992605345810943, "Lokahi": 0.6703767865739013, "pubscribe": 0.7124233816212722, "Flex": 0.7852198903086313, "River": 0.7188045056460921, "Bluesky": 0.7076591574713649, "Aries": 0.7761660298023607, "Wink": 0.7211760863146793, "Accumulo": 0.7090166603925772, "Samza": 0.7661871833445619, "Directory": 0.7476405036380014, "HORN": 0.7866922807709467, "MyFaces": 0.7665897538867585, "empire": 0.7505760491184023, "Sanselan": 0.6858539196621807, "APISIX": 0.7781280944036765, "FtpServer": 0.6246835344060024, "MetaModel": 0.6667577417763031, "OODT": 0.7052507887014376, "Stanbol": 0.7392049372977305, "Phoenix": 0.7224215211249428, "HISE": 0.7289895816369164, "Airavata": 0.7156003254244824, "Gossip": 0.8243591392335766, "Composer": 0.7131456621472486, "Amaterasu": 0.6482444227142652, "Heraldry": 0.6584409730575453, "Ivy": 0.6700856371699, "Pirk": 0.7433563450211758, "iota": 0.7762480480930379, "Ripple": 0.7494001935694594, "S2Graph": 0.6929354547260455, "Stratos": 0.7337378329338622, "Olingo": 0.7239506548791931, "Zipkin": 0.6719046062831792, "DirectMemory": 0.7382593133908083, "climate": 0.7788306135426577, "commons": 0.759349794044106, "Spark": 0.8100602066124662, "Groovy": 0.6749026354825252, "Stonehenge": 0.7223998666488908, "Agila": 0.7484019666967422, "Nuvem": 0.7435188624332277, "Whirr": 0.7159295897447583, "hdt": 0.7204459167036973, "Beehive": 0.7117051976750347, "RocketMQ": 0.7163733696085169, "NiFi": 0.7132130761077918, "OpenNLP": 0.6709186029494669, "trafficserver": 0.73192240048952, "Alois": 0.6236658586922661, "Rave": 0.7380289951352681, "OpenJPA": 0.7464002124843211, "Kato": 0.6615551542226251, "Nutch": 0.7101278638121726, "TripleSoup": 0.6829729497749264, "Onami": 0.7465121118600329, "Corinthia": 0.6213088317153124, "Warble": 0.6546891511532587, "Concerted": 0.8365892162468312, "JuiCE": 0.7486089207386543, "cmda": 0.6470329110010247, "Kabuki": 0.0, "RCF": 0.0}