{"SkyWalking": 0.6697086044734571, "HAWQ": 0.7672080311208807, "Tez": 0.6445003408534983, "Hama": 0.6135770736972956, "Atlas": 0.7452628881823524, "Celix": 0.6083539813058773, "DataFu": 0.5980156245011696, "Wink": 0.6274532582881521, "IoTDB": 0.538742654981663, "Geode": 0.7591914699776335, "Solr": 0.6869969595686172, "ActiveMQ": 0.6124124157704246, "Jena": 0.5374071704607603, "Airavata": 0.6341126167253912, "Graffito": 0.5713473855122463, "Iceberg": 0.6456059739159501, "trafficcontrol": 0.7430726537372851, "Synapse": 0.6036686923542816, "TinkerPop": 0.6274952828900459, "Tuscany": 0.6538481122166386, "Joshua": 0.7300409688610124, "Mesos": 0.5317694035522913, "VXQuery": 0.6402815048916132, "Thrift": 0.6362561509675467, "NPanday": 0.582399174035565, "Libcloud": 0.6988870663662157, "Gobblin": 0.7669704794419976, "Clerezza": 0.5857143251301934, "Quickstep": 0.6751122940499732, "VCL": 0.6222636178042376, "S2Graph": 0.6568572657996661, "Stanbol": 0.6403922229594402, "UIMA": 0.6439191450754735, "Flume": 0.6207430562769554, "Etch": 0.6128547685911169, "Cordova": 0.7147674495997426, "Shiro": 0.6048467999255437, "empire": 0.6088690120593665, "Derby": 0.6889586803980393, "Falcon": 0.7227885682808377, "Olingo": 0.7042990597138206, "Edgent": 0.7273608129346623, "HCatalog": 0.7090400545421788, "Rya": 0.7921175694266723, "climate": 0.6502042672219835, "Daffodil": 0.6348931438985467, "JDO": 0.6438162004878345, "MADlib": 0.7902742770623858, "NMaven": 0.6020638090845488, "Tashi": 0.6553454608793725, "OFBiz": 0.6292284242570786, "Parquet": 0.8036051678460673, "Mynewt": 0.6917591110024829, "Lens": 0.7280947318405716, "OpenJPA": 0.7460778971278362, "Ranger": 0.7323509784393976, "Blur": 0.5965104201660064, "Isis": 0.5274058322233238, "Kato": 0.5927287295552729, "Bloodhound": 0.653109728028318, "Click": 0.5585222272870753, "AriaTosca": 0.683858456034801, "Yoko": 0.6808604872919783, "Openmeetings": 0.5620492594892238, "Crunch": 0.6829117992989585, "Onami": 0.6303051542828342, "DolphinScheduler": 0.6693578212029093, "odf": 0.6521773370384131, "Griffin": 0.7422609873980861, "Shindig": 0.6440471900041733, "ServiceComb": 0.6519536461308235, "Fluo": 0.5846800319108564, "ACE": 0.5381722580706945, "Qpid": 0.6689925870914953, "DeltaSpike": 0.6808680816411206, "Stonehenge": 0.6716185329272923, "SAMOA": 0.736180256373277, "Imperius": 0.656571093129582, "ECharts": 0.6297912229394768, "AsterixDB": 0.7581675217802085, "Chemistry": 0.53848632407895, "Superset": 0.734628281403256, "REEF": 0.7469322633518819, "Olio": 0.6722057102281895, "lucenenet": 0.642043815835708, "Slider": 0.6298297681094746, "JSPWiki": 0.5894414272539791, "Cayenne": 0.5433220747325996, "Phoenix": 0.7116388844410803, "Druid": 0.680682441927345, "oltu": 0.6564559747894628, "Metron": 0.7063954804194901, "Giraph": 0.7208081735993025, "cTAKES": 0.5921013351746117, "Oozie": 0.6802612038107486, "Streams": 0.5269480495211504, "Wave": 0.6574682314849496, "Calcite": 0.6369063330365924, "PhotArk": 0.5909592283960475, "Tajo": 0.6509727743296475, "Kudu": 0.7224107931029046, "Ivy": 0.6198917626524605, "Accumulo": 0.6171302381548307, "Impala": 0.7911499589060251, "Allura": 0.6835588722236844, "Taverna": 0.6857333574590389, "Chukwa": 0.6093524402591562, "Wookie": 0.6107877583659855, "stdcxx": 0.5963299902605912, "PDFBox": 0.699320351404093, "CouchDB": 0.4873242849840399, "OODT": 0.5767687403775402, "ManifoldCF": 0.5430427711210478, "ShardingSphere": 0.6792734491560067, "Omid": 0.7025320966353876, "HTrace": 0.7097768627488632, "Samza": 0.6437744815442112, "Drill": 0.7144789648587261, "Gearpump": 0.6922041646298835, "Sqoop": 0.6419337125516233, "Gossip": 0.7155642021709188, "DeviceMap": 0.638095781611977, "Provisionr": 0.7144434166031874, "Zipkin": 0.6587303657090495, "OpenWebBeans": 0.5623461678322104, "bookkeeper": 0.7531702456221179, "Tephra": 0.7639936809634629, "Lucy": 0.5314518693857847, "BatchEE": 0.6971323501155731, "Gora": 0.7422324021094652, "XAP": 0.5913993187615644, "ESME": 0.6950908842197727, "SystemML": 0.7147537382042167, "Subversion": 0.5015947827205657, "Aries": 0.6826091971065316, "CXF": 0.6354382426778055, "Nutch": 0.3775198509379678, "Bigtop": 0.5634293023457477, "DataSketches": 0.6723458895005454, "Deltacloud": 0.6108769767621557, "SINGA": 0.6766403671074853, "FreeMarker": 0.6590372561340424, "pubscribe": 0.6975118770327245, "adffaces": 0.5995748979218454, "Wicket": 0.7353834948325811, "Ambari": 0.6785963851002424, "Curator": 0.7149796455431094, "Trafodion": 0.7662588165752936, "Felix": 0.5573497675834542, "OpenWhisk": 0.7716366516256005, "Pinot": 0.7118172136893347, "Abdera": 0.5714919410875112, "Pig": 0.6067350059609065, "Storm": 0.8410888457933695, "Stratos": 0.7188919269136973, "Tamaya": 0.647813349656012, "Composer": 0.6222401399226706, "Juneau": 0.6071474534776834, "Corinthia": 0.6746361771690951, "River": 0.6300501463228735, "Sling": 0.5587569404553557, "ant": 0.5863739893058607, "Zeppelin": 0.7877465375259916, "openoffice": 0.6527919374064461, "hdt": 0.6899414397330755, "Beehive": 0.6010869275054537, "Rave": 0.5832459013148803, "zeta": 0.6324851629667791, "CloudStack": 0.7219904587252588, "TVM": 0.6246286451459935, "jclouds": 0.6952890790545676, "Sentry": 0.7563078870711167, "Dubbo": 0.7199771352445513, "Myriad": 0.8178771171565676, "FtpServer": 0.5054959198168127, "Helix": 0.6921145735854451, "Pulsar": 0.4184827524371558, "Jackrabbit": 0.6720517391512595, "Apex": 0.8036041650086302, "Roller": 0.6088266820735642, "MRQL": 0.6062467165795474, "Whirr": 0.6215511547777873, "Twill": 0.636517015653261, "Kafka": 0.6820612122264397, "NiFi": 0.6613412401621998, "Any23": 0.6370276718274626, "SIS": 0.7494440357514959, "MyFaces": 0.7033599225698078, "Flink": 0.7239876959951144, "Kylin": 0.7124610952118943, "Bluesky": 0.6705319390317851, "Eagle": 0.7728569065323715, "Aurora": 0.7091877742281655, "Spark": 0.76550515603073, "Alois": 0.6046121485679027, "Kitty": 0.6665352474313188, "Lokahi": 0.5989944579014534, "Sanselan": 0.6010578152913147, "Usergrid": 0.6614813685538208, "Ignite": 0.7133689327354805, "Mnemonic": 0.6450805191918109, "Muse": 0.5793410942411696, "Knox": 0.6252592985992088, "Fineract": 0.8278450358893503, "Droids": 0.610554630660091, "HISE": 0.6677460567319319, "APISIX": 0.7051256709962349, "Ode": 0.5893144401607737, "OpenNLP": 0.6042990265288383, "Buildr": 0.6175644988883056, "Ratis": 0.6734198155558306, "Flex": 0.6134425750391307, "iota": 0.782162236766653, "bval": 0.6585486980726879, "Sirona": 0.5730689807731737, "HORN": 0.6824952172017538, "Nuvem": 0.645032894835524, "RocketMQ": 0.6351867759089421, "S4": 0.670412835589932, "Kabuki": 0.0, "MRUnit": 0.7314390751031665, "Airflow": 0.93024189268284, "trafficserver": 0.6975367796416947, "cmda": 0.7272393584587761, "Cassandra": 0.6115258100057559, "Harmony": 0.577486723360097, "Johnzon": 0.6805334590831352, "AWF": 0.47663850517446144, "Ripple": 0.6212032905707386, "Syncope": 0.5608235423649374, "Unomi": 0.6221728628575294, "DirectMemory": 0.6690438498511065, "Kalumet": 0.47421835832480164, "Pivot": 0.6214241294359792, "ServiceMix": 0.6014571325719485, "PLC4X": 0.42519876664552636, "OpenAz": 0.6731870121512795, "Tika": 0.6242008358750935, "struts": 0.6748961899904315, "Pirk": 0.7530858523749553, "Concerted": 0.6895272809214027, "Heraldry": 0.6376145589732326, "Amaterasu": 0.6345595040239118, "Guacamole": 0.6412516627871653, "commons": 0.6669320503138594, "Hudi": 0.7031507937791447, "mod_ftp": 0.6797362238872431, "iBATIS": 0.6177120154792661, "CarbonData": 0.7645275612987044, "Warble": 0.7886621919643216, "Agila": 0.6486167864184786, "RCF": 0.0, "TripleSoup": 0.6589993888847654, "Brooklyn": 0.770889036139112, "MetaModel": 0.7320051764589862, "Directory": 0.7140080569453956, "CommonsRDF": 0.8165982976888227, "JuiCE": 0.7390940590109404, "NetBeans": 0.7994852414341147, "Groovy": 0.8151173615479573, "Beam": 0.0, "PredictionIO": 1.0}