{"Edgent": 0.7840606913817957, "hdt": 0.7236216469969934, "Mnemonic": 0.7493226050397905, "Juneau": 0.661210555778754, "odf": 0.7168339625149813, "zeta": 0.6454995722577613, "Streams": 0.6870246109376903, "Oozie": 0.7053212292319865, "Roller": 0.7157175606004667, "Nuvem": 0.7248374808250578, "Synapse": 0.7164249941938088, "Griffin": 0.8130643202257976, "Kalumet": 0.6866438955731967, "Jackrabbit": 0.72423320913577, "Wink": 0.710165113402126, "Deltacloud": 0.7116744566659862, "BatchEE": 0.7262692537232526, "Apex": 0.8404936041061831, "Falcon": 0.7678886615397571, "Eagle": 0.7927334784659573, "HAWQ": 0.8245629753721164, "ESME": 0.7623830506813941, "Gora": 0.7517299835450958, "Twill": 0.7269811957893032, "Pulsar": 0.7478529009688321, "Quickstep": 0.7465169012094295, "Flex": 0.7732347221909031, "PhotArk": 0.7262957279083039, "Omid": 0.743165650548139, "Tashi": 0.7470279510023449, "Phoenix": 0.7480635647606659, "River": 0.7120120336019873, "Ode": 0.7077463508850933, "empire": 0.7154213761863039, "SINGA": 0.7939172390970589, "DataFu": 0.7181687347612579, "ECharts": 0.6864629656418657, "oltu": 0.7629977528897587, "Kafka": 0.7296681730841085, "OpenWhisk": 0.8059884355609844, "Slider": 0.7163863234302642, "MADlib": 0.8311599746009621, "Sling": 0.6732566058854161, "Olio": 0.715043173302572, "FtpServer": 0.6207498240255964, "Derby": 0.7405444898927281, "Aurora": 0.7679880438289467, "PLC4X": 0.6617783289271593, "Openmeetings": 0.6895703940789426, "Pirk": 0.7778959730880742, "Clerezza": 0.7153206222825392, "trafficcontrol": 0.7855610414892136, "Usergrid": 0.7104027731852344, "cTAKES": 0.7419550913196649, "ManifoldCF": 0.6473309811586542, "JSPWiki": 0.6876372423977057, "Mesos": 0.6441364694338524, "Celix": 0.7124850803919158, "Dubbo": 0.7675116576402392, "Atlas": 0.7784399501409177, "Hama": 0.6524612297671535, "Tika": 0.7185200186074752, "Zipkin": 0.6667832620004128, "PredictionIO": 1.0, "Felix": 0.7471490668481682, "HORN": 0.7583645480389066, "Calcite": 0.7222996436284931, "NPanday": 0.7032956241057859, "Heraldry": 0.6751108654339284, "SkyWalking": 0.7077481756893236, "HCatalog": 0.7329516268692486, "Pinot": 0.7312398808626517, "Wave": 0.7473756606494897, "Blur": 0.6883228352038826, "Graffito": 0.6594873990221046, "Ranger": 0.7721478603784153, "XAP": 0.6734583378047931, "Wookie": 0.6972739831630247, "Abdera": 0.6594007623201387, "Corinthia": 0.7053830924753388, "Qpid": 0.7440802056879646, "Droids": 0.7506166253327003, "bookkeeper": 0.8357977699344065, "Storm": 0.866514633181702, "FreeMarker": 0.6811638468966272, "Thrift": 0.742551199021034, "Lokahi": 0.6281381608590779, "Etch": 0.7021853980221878, "Isis": 0.6093607918247318, "HTrace": 0.7570447563432456, "Tez": 0.7097006332885261, "UIMA": 0.697749580284164, "Airavata": 0.7157451432572538, "Allura": 0.7737751450738836, "HISE": 0.7242605871185888, "SystemML": 0.7460956330121572, "Samza": 0.7713494018806779, "DolphinScheduler": 0.716389063898594, "Sanselan": 0.6455513473247528, "Bloodhound": 0.7965608560604764, "mod_ftp": 0.7375191128789851, "Aries": 0.7706737649170824, "TinkerPop": 0.6891769458657726, "Shindig": 0.7349899672207154, "lucenenet": 0.702244010757304, "ACE": 0.6712650858342545, "Fineract": 0.8475610104882022, "TripleSoup": 0.6827378103261305, "Taverna": 0.7409024501611536, "Accumulo": 0.7088548387737167, "bval": 0.7343895073951616, "Impala": 0.8100760992968852, "Bluesky": 0.6846507635033765, "RCF": 0.0, "Superset": 0.7943031772953131, "Metron": 0.7807624868187651, "Helix": 0.7081820877816047, "Stanbol": 0.7380039691669483, "Kitty": 0.7877211962553501, "Yoko": 0.7275212022198114, "Daffodil": 0.7484989464051134, "Alois": 0.6186235908649681, "Sqoop": 0.7009495007861316, "Rya": 0.8229880203852522, "Trafodion": 0.7920328557366376, "Ivy": 0.6696765827494732, "Myriad": 0.8488131301688466, "VXQuery": 0.6823517987733722, "S2Graph": 0.7288816316288683, "Tephra": 0.80654508717902, "Chemistry": 0.717853106979286, "Chukwa": 0.6805692866102256, "Gearpump": 0.725066395744, "iBATIS": 0.768486018786587, "Tamaya": 0.70135823949311, "MRQL": 0.6682101187063977, "Lucy": 0.6720246096164769, "ActiveMQ": 0.671351175649908, "Joshua": 0.7926172355680249, "Iceberg": 0.7476605872514586, "Flume": 0.6767776948897091, "cmda": 0.7409380406670162, "Rave": 0.7387781742050904, "Syncope": 0.7098422193900501, "Bigtop": 0.7310719178945202, "SAMOA": 0.7394710738646993, "iota": 0.8169146407744158, "Gobblin": 0.7974087649660956, "REEF": 0.7766887396916129, "Libcloud": 0.7624873855247783, "Druid": 0.7160252726051579, "OpenWebBeans": 0.6497556995198142, "Kylin": 0.7891450513101135, "Fluo": 0.7111169518175353, "Cayenne": 0.6377345467359344, "Shiro": 0.694372080409241, "openoffice": 0.699099342863057, "Knox": 0.688944304571641, "Olingo": 0.7466428036911723, "AsterixDB": 0.7740715823366351, "CouchDB": 0.7376960363008448, "TVM": 0.7040630648650423, "Giraph": 0.7678999347998261, "PDFBox": 0.7334810225097667, "Flink": 0.7916129271070933, "Drill": 0.7613401566493391, "Sirona": 0.6567371960717887, "VCL": 0.7228694630136521, "OODT": 0.7050105188054702, "Curator": 0.7332320288081384, "MRUnit": 0.7886562569989913, "Buildr": 0.7450622806650712, "DataSketches": 0.7012934554482834, "ServiceComb": 0.7322503479400888, "Tuscany": 0.7182643441066453, "OpenJPA": 0.7424672809799937, "ant": 0.7184342922129197, "NiFi": 0.6856809522624269, "Beehive": 0.7079647388918232, "DeviceMap": 0.7252257198050533, "Jena": 0.6511687607642814, "Gossip": 0.7974759826200912, "climate": 0.7657485644033121, "DeltaSpike": 0.7151731838598643, "IoTDB": 0.6225275036896839, "Mynewt": 0.7555617699331268, "Sentry": 0.7842541323386834, "NMaven": 0.6530798698394215, "Agila": 0.693876318137727, "Pivot": 0.6794448357513998, "RocketMQ": 0.7934985664787917, "Stratos": 0.7690329764320548, "Cordova": 0.772084862973126, "OpenNLP": 0.6710449020271073, "AriaTosca": 0.7598558112262566, "Unomi": 0.6907547526903528, "Parquet": 0.8387317147919323, "Johnzon": 0.7236108143063918, "SIS": 0.7753707665099739, "Imperius": 0.6875036361201378, "CloudStack": 0.7370692483463287, "Muse": 0.6720909073403464, "Crunch": 0.7216984985171621, "Tajo": 0.6956610621568229, "Provisionr": 0.7318375442196507, "Groovy": 0.818927150731697, "Stonehenge": 0.702890085981417, "Any23": 0.683192684024732, "JDO": 0.6753078813745268, "Amaterasu": 0.644029419974587, "AWF": 0.7333154931734384, "stdcxx": 0.6497178208461838, "Kato": 0.6776302056175734, "CXF": 0.7236291670726359, "OFBiz": 0.6534523048239389, "Onami": 0.732538408437344, "Pig": 0.6782606893611715, "Composer": 0.6685774879626434, "Solr": 0.7444372901442037, "Cassandra": 0.7163119626139888, "S4": 0.7188435018116269, "Kudu": 0.7437325544323, "Guacamole": 0.6797434534751513, "OpenAz": 0.6804670460104143, "Warble": 0.7432195476097122, "Click": 0.6615119984896821, "Ratis": 0.7116306515728401, "ShardingSphere": 0.7351120338130414, "Geode": 0.7964511393423636, "NetBeans": 0.7952782713508879, "Ripple": 0.7014758410861218, "Ambari": 0.7553037277869923, "Whirr": 0.7181445756427394, "Harmony": 0.6460481882934273, "DirectMemory": 0.7661385181494462, "CarbonData": 0.797473235722523, "jclouds": 0.7747984349132966, "Zeppelin": 0.8223982297535207, "commons": 0.7743383459578731, "Hudi": 0.7389293239107854, "Weex": 0.6044089603128834, "APISIX": 0.8255851853245504, "Lens": 0.759059372002469, "Subversion": 0.7608019169568363, "MyFaces": 0.7636500086101976, "Ignite": 0.7346940969918525, "CommonsRDF": 0.8165982976888227, "struts": 0.7416435742563083, "adffaces": 0.6977672395171108, "JuiCE": 0.8108520261293751, "ServiceMix": 0.6634651475639888, "Wicket": 0.7685849731911186, "MetaModel": 0.8013348502172962, "pubscribe": 0.7155372771039725, "Spark": 0.8207412932697367, "Concerted": 0.7138341760265691, "Nutch": 0.6976006427974036, "Brooklyn": 0.7795972054221846, "Kabuki": 0.0, "trafficserver": 0.723154944467216, "Beam": 0.0, "Airflow": 0.9507855867602334, "Directory": 0.7262276700715944}