{"Etch": 0.7469325943217942, "Impala": 0.6670608066427418, "Shindig": 0.73027808030269, "Droids": 0.6776392632327145, "NetBeans": 0.37484357294819914, "Zeppelin": 0.45520979026529806, "Rya": 0.6845721336924654, "FreeMarker": 0.1546070978678114, "stdcxx": 0.3919125826341825, "OpenWhisk": 0.6565142578532219, "Wave": 0.37502116187659507, "Beam": 0.4824047484400984, "Trafodion": 0.517420672896356, "Ratis": 0.6059619908289111, "REEF": 0.6069953756893082, "MRUnit": 0.5085570348716246, "OFBiz": 0.6198880467198455, "Crunch": 0.3887587812078985, "Atlas": 0.6491164679489809, "NMaven": 0.5150158075064635, "ant": 0.5911459939114385, "Kylin": 0.5718803132498922, "XAP": 0.4822818783188873, "DataSketches": 0.4220862330251375, "CouchDB": 0.5566820127397482, "AWF": 0.23752820399448268, "DeviceMap": 0.7236165683895706, "Celix": 0.17671111367552694, "Roller": 0.3719088081322565, "SINGA": 0.5864011907426613, "Ambari": 0.6708253108374923, "Guacamole": 0.1799498791932472, "HCatalog": 0.7242197410534871, "ECharts": 0.3850612167354349, "Tika": 0.5380511003449289, "Gora": 0.7136871619385957, "Unomi": 0.5079317397762942, "Tashi": 0.8502852420793463, "ShardingSphere": 0.5317726792069072, "Pinot": 0.5999997194121136, "Chukwa": 0.5391407698051154, "Allura": 0.6118452523432768, "Flume": 0.4696084847078707, "Knox": 0.3792379030232389, "Airflow": 0.621970871460832, "Eagle": 0.5321963291418048, "HTrace": 0.43729124099244193, "Daffodil": 0.43486695530107994, "Usergrid": 0.6223763107108201, "MADlib": 0.33992722879811005, "Ode": 0.6324921664998333, "Dubbo": 0.5434720575063902, "Weex": 0.5772464937320707, "Fluo": 0.4207112035381445, "Tez": 0.49543018829906427, "Jackrabbit": 0.6822761340821007, "CarbonData": 0.5134475540883767, "Yoko": 0.7658627152115385, "bookkeeper": 0.36808134847525764, "ServiceMix": 0.45653873648522075, "HAWQ": 0.5994922108874877, "Gobblin": 0.4005793755185621, "Subversion": 0.41052291447300526, "Isis": 0.16545829202976228, "Griffin": 0.3368429797805707, "Helix": 0.6912714989098034, "Brooklyn": 0.3980808202463563, "Metron": 0.6473240829095631, "VCL": 0.6416794835314622, "Chemistry": 0.30622870581679135, "Slider": 0.48287748089082194, "Giraph": 0.6742416000447434, "Falcon": 0.7505883378580475, "CommonsRDF": 0.28261697268592545, "Clerezza": 0.556261266065736, "Ranger": 0.7170772923886041, "Curator": 0.0990181665872235, "Libcloud": 0.6747626575615652, "Gearpump": 0.476049440331845, "Tamaya": 0.44142907941700954, "Harmony": 0.6993550609588348, "CXF": 0.693786379842489, "Cayenne": 0.20252233368468306, "Sling": 0.536477794265962, "Flink": 0.5241861269066583, "MRQL": 0.11927100458129196, "JSPWiki": 0.5266168551217545, "PLC4X": 0.11709173556819774, "TVM": 0.2789331597517989, "Jena": 0.29759593567903136, "Tephra": 0.5535469376013278, "Druid": 0.29936160835268355, "Muse": 0.9089574813416301, "ESME": 0.6300136512303642, "PhotArk": 0.3176310061030361, "S4": 0.5100957227431633, "Synapse": 0.5187423980559908, "SIS": 0.25187079336095014, "Wookie": 0.48204710729579464, "odf": 0.5130994634554762, "DeltaSpike": 0.4966222714270858, "Mesos": 0.2528285279965297, "Quickstep": 0.5700889922125724, "Iceberg": 0.2577057568604885, "Kudu": 0.5203093560694275, "Geode": 0.6589345320828531, "bval": 0.7335433071007511, "Lens": 0.6526965271227487, "Superset": 0.5397069976451829, "OpenWebBeans": 0.23732650572455657, "Imperius": 0.6887039789813801, "Edgent": 0.5381826238661278, "Sirona": 0.3801106461525318, "VXQuery": 0.5726349332190193, "Bigtop": 0.2571504502251361, "TinkerPop": 0.40678155552632916, "BatchEE": 0.3550197812360008, "Thrift": 0.5755835521153616, "PredictionIO": 0.36577749897714573, "Hama": 0.3744080044258766, "Lucy": 0.17017023365285167, "Mynewt": 0.4694988199515651, "ACE": 0.2962657103693643, "NPanday": 0.5146221875010704, "Juneau": 0.011263793560401568, "Parquet": 0.3085916547636976, "Streams": 0.29730872006418385, "Any23": 0.564128361673071, "Ignite": 0.7300361820642047, "Provisionr": 0.19161526428986814, "Joshua": 0.5050058503191903, "Hudi": 0.5937041282415361, "AriaTosca": 0.6186599890265224, "Myriad": 0.6698374828198594, "Solr": 0.6234098782146714, "Apex": 0.7169432636380514, "Fineract": 0.26056380359579245, "iBATIS": 0.7433177492121965, "Mnemonic": 0.25826469308449684, "Syncope": 0.4459487059400068, "Omid": 0.6727789607408172, "Sentry": 0.8180656578596424, "Shiro": 0.6697120650727313, "Felix": 0.46169872947749335, "Pulsar": 0.3369837262046465, "Cassandra": 0.4124469233022885, "Olio": 0.6290370110142944, "wadi": 0.0, "UIMA": 0.7998119454661314, "Qpid": 0.7485224888989006, "Cordova": 0.648565112572468, "Kafka": 0.6356882479178908, "AsterixDB": 0.43585333672972476, "Oozie": 0.7829578880574715, "lucenenet": 0.7154473296340003, "ManifoldCF": 0.11604227949896335, "Graffito": 0.33169205531096363, "PDFBox": 0.6771005334785154, "Taverna": 0.32251176467354203, "Pig": 0.35586891575722457, "CloudStack": 0.6524031995933208, "jclouds": 0.3093789222709518, "adffaces": 0.4488263479825457, "openoffice": 0.6155848600864283, "ServiceComb": 0.5644454816506622, "ActiveMQ": 0.5003165422746021, "struts": 0.7184637257300629, "zeta": 0.5099051104923368, "Click": 0.4881229922319206, "Blur": 0.23886258623774595, "Johnzon": 0.5240413989192959, "IoTDB": 0.34256508712421607, "Tuscany": 0.7038972350752071, "Pivot": 0.4606219659204197, "Buildr": 0.41989699944874975, "Wicket": 0.7550281425967466, "Calcite": 0.22109278320807438, "cTAKES": 0.7007592360141814, "Kitty": 0.7953259597549593, "Derby": 0.7877764933488653, "Kalumet": 0.8169252601146094, "Openmeetings": 0.40609313607545977, "Deltacloud": 0.37226762763448173, "Bloodhound": 0.6146878228821092, "DolphinScheduler": 0.56685746134587, "Drill": 0.4921219386487024, "Twill": 0.14562097143429414, "Aurora": 0.6593997257183575, "SAMOA": 0.41102439415034525, "JDO": 0.6466415015902494, "Sqoop": 0.455847183950526, "oltu": 0.6532604948647316, "Tajo": 0.3165519923021482, "Abdera": 0.34675205445800183, "SystemML": 0.5159949181346374, "Storm": 0.591492620212768, "DataFu": 0.29349641043421004, "mod_ftp": 0.20563124763920138, "OpenAz": 0.6508379849250675, "SkyWalking": 0.4675493505591732, "trafficcontrol": 0.6244763350399831, "marmotta": 0.755269802987974, "Lokahi": 0.20902079427780887, "pubscribe": 0.9625085365834505, "Flex": 0.6532858100863732, "River": 0.518544249696169, "Bluesky": 0.8108284631270821, "Aries": 0.729779273729572, "Wink": 0.61457738142368, "Accumulo": 0.5197983850946825, "Samza": 0.46126836557274986, "Directory": 0.574652263098355, "HORN": 0.5464649517478831, "MyFaces": 0.8012314102641909, "empire": 0.6470215987316339, "Sanselan": 0.44530689857156214, "APISIX": 0.5318496618982257, "FtpServer": 0.012446046033186865, "MetaModel": 0.1275713636556426, "OODT": 0.6803744280678864, "Stanbol": 0.7019568995040194, "Phoenix": 0.6209897900343517, "HISE": 0.6818236124007498, "Airavata": 0.5600554927366576, "Gossip": 0.6456559427807479, "Composer": 0.9883479057690214, "Amaterasu": 0.4302682862441767, "Heraldry": 0.2507225514268583, "Ivy": 0.5566867558511404, "Pirk": 0.32032807980153294, "iota": 0.6940321429623638, "Ripple": 0.23647761956872868, "S2Graph": 0.29235793762603096, "Stratos": 0.7461182165884925, "Olingo": 0.7597961024546389, "Zipkin": 0.2980246153411946, "DirectMemory": 0.6934059042518471, "climate": 0.46575640258757867, "commons": 0.6275754847245064, "Spark": 0.49300735630318626, "Groovy": 0.3367942859377788, "Stonehenge": 0.6830931263282621, "Agila": 0.6629208842852422, "Nuvem": 0.45960710985384645, "Whirr": 0.436759271671422, "hdt": 0.6197458570727392, "Beehive": 0.5786763613352258, "RocketMQ": 0.3817284608763611, "NiFi": 0.4309905507222704, "OpenNLP": 0.44587207734944423, "trafficserver": 0.7270566074937763, "Alois": 0.1120907994020627, "Rave": 0.49188856268761894, "OpenJPA": 0.6281902563418341, "Kato": 0.5352245844367994, "Nutch": 0.217194587767578, "TripleSoup": 0.6266972428039486, "Onami": 0.5460054439196177, "Corinthia": 0.2546621442890642, "Warble": 0.0, "Concerted": 0.9230253466317597, "JuiCE": 0.0, "cmda": 0.621526687778524, "Kabuki": 0.0,