{"Kitty": 0.8260427871264305, "Tika": 0.7431335856352334, "ServiceMix": 0.6733181806905539, "lucenenet": 0.7066564104531771, "Pivot": 0.6789811554021217, "Slider": 0.7145567104805514, "Streams": 0.6939494592535117, "Gossip": 0.813595380036341, "Unomi": 0.7305394903378912, "odf": 0.7468940019662962, "Tephra": 0.7310914509207797, "VCL": 0.7225853422727817, "commons": 0.7795621535430998, "FtpServer": 0.620614908514924, "Superset": 0.7901157590105554, "Qpid": 0.7443654027605205, "OpenWebBeans": 0.650447813033991, "empire": 0.7121642163894739, "Stonehenge": 0.7226164584677112, "RocketMQ": 0.7162897352448964, "Impala": 0.7686855728283528, "FreeMarker": 0.6385036538820614, "Celix": 0.6754376258430363, "ECharts": 0.7104912751382816, "Etch": 0.7084872695626051, "ESME": 0.7804590427643491, "Tajo": 0.6684472083908716, "VXQuery": 0.6807935141822522, "Blur": 0.6572957071497588, "Kafka": 0.7268350959552421, "DataFu": 0.7367761090619428, "Droids": 0.7574527347940652, "Guacamole": 0.6514185982000984, "Dubbo": 0.7662754287025713, "PLC4X": 0.6947769701250047, "JSPWiki": 0.6877708013492185, "Tashi": 0.7457511359623454, "MetaModel": 0.6692652658263012, "Ambari": 0.7703093021498754, "Rave": 0.7406592964326083, "Sling": 0.6809492371805833, "Chukwa": 0.6997183148325723, "bookkeeper": 0.732536309786552, "Apex": 0.7582397604470352, "stdcxx": 0.6509082002737092, "NMaven": 0.6679906568674705, "REEF": 0.7249006426970378, "UIMA": 0.7003891737342418, "Atlas": 0.7495111386195689, "Onami": 0.7498270778773186, "Taverna": 0.6680489158304559, "Cassandra": 0.7214557065972639, "OFBiz": 0.7004808272168578, "Olingo": 0.724341374829713, "Mynewt": 0.7171296278887266, "Kylin": 0.7113474794075824, "NPanday": 0.7005650109434056, "Myriad": 0.817422198787444, "SINGA": 0.7183482192498561, "Druid": 0.7177540436293816, "DirectMemory": 0.756231597873596, "AriaTosca": 0.7632187277499016, "Olio": 0.7156112982607962, "openoffice": 0.7008241334157834, "Jackrabbit": 0.7463324723731588, "SystemML": 0.7149066282959817, "Shindig": 0.7340340228121266, "SAMOA": 0.7261126000552324, "Solr": 0.7509372516329359, "Clerezza": 0.7152537796593185, "Gobblin": 0.718841437100565, "Provisionr": 0.6831309785747309, "TinkerPop": 0.7161432412994706, "Stanbol": 0.7398421003979524, "TVM": 0.7268795951022367, "Twill": 0.707113373275691, "trafficcontrol": 0.7366230619862537, "SkyWalking": 0.7007912634341434, "ManifoldCF": 0.6433148169493021, "Trafodion": 0.7291743477847537, "River": 0.7267235347224889, "HCatalog": 0.7329886964063358, "Ratis": 0.7800956638269175, "Thrift": 0.7390619105854925, "mod_ftp": 0.7876591007150278, "Sanselan": 0.6621821869965986, "PDFBox": 0.7576292235670846, "Ranger": 0.7498790095903165, "Muse": 0.7325106526723946, "Drill": 0.7275445245488935, "Jena": 0.6715536144789621, "Edgent": 0.7497958842480552, "ant": 0.738022352256757, "HAWQ": 0.7197015873355499, "CouchDB": 0.7383661280123558, "Lens": 0.7483382020074301, "Kalumet": 0.7025269125149152, "Flex": 0.7772720845746831, "Allura": 0.7819220633543699, "Aries": 0.7746313412966251, "ACE": 0.6816514400181101, "Weex": 0.7361627892363206, "hdt": 0.7204459167036973, "HTrace": 0.7228763146571965, "Sirona": 0.6840637470494323, "Harmony": 0.6950047985809398, "cmda": 0.651783887652428, "Parquet": 0.727493951567561, "Iceberg": 0.750021501301652, "Felix": 0.7479084526553607, "BatchEE": 0.664475351466424, "Wink": 0.7101875905533952, "Sentry": 0.775665202653416, "OODT": 0.7050089127022467, "Helix": 0.732938598203789, "Tuscany": 0.7189812371860134, "Omid": 0.7390432175635797, "Yoko": 0.7275212022198114, "Graffito": 0.673815508022241, "Shiro": 0.7244639809936058, "Kato": 0.6967748541120228, "Deltacloud": 0.7050201293524784, "Airflow": 0.8287643545851634, "Giraph": 0.7812588546784177, "Joshua": 0.7203557996947619, "Johnzon": 0.7068431372213281, "Wave": 0.7334003970142094, "Tamaya": 0.6967898394605073, "OpenWhisk": 0.8103282977369345, "Synapse": 0.7200939259598971, "PredictionIO": 0.7432096933192504, "MADlib": 0.6820471946396321, "Samza": 0.7660985398170563, "Oozie": 0.7050387614222433, "PhotArk": 0.7418228168502379, "iota": 0.7838732481616275, "JDO": 0.7021091949362761, "IoTDB": 0.6270775566324384, "Zeppelin": 0.8167433348634395, "DeviceMap": 0.7682021404689163, "CXF": 0.7300515743988288, "OpenJPA": 0.8006516920734784, "zeta": 0.6622991443055318, "Derby": 0.7868622950759109, "XAP": 0.6734583378047931, "Bloodhound": 0.7923417690284019, "CarbonData": 0.7748793352992795, "MRQL": 0.6674917664632227, "ServiceComb": 0.7170429483644094, "Corinthia": 0.6227892325864917, "HISE": 0.7415625229517198, "Quickstep": 0.718819829637536, "Wookie": 0.6972739831630247, "Ripple": 0.7494593004950407, "marmotta": 0.6991534219925347, "oltu": 0.7630240358271124, "Bluesky": 0.7234549177445799, "Daffodil": 0.737610468137974, "OpenNLP": 0.6745288411203842, "Mnemonic": 0.7386575555657258, "Ode": 0.7248027680340443, "Chemistry": 0.7570278103171887, "Buildr": 0.7724015557910034, "DeltaSpike": 0.7189351427121345, "NetBeans": 0.6400291020428951, "Click": 0.672889743208188, "adffaces": 0.6985174252363723, "Imperius": 0.7177555957298497, "Gearpump": 0.6899499754732331, "OpenAz": 0.704820433773003, "HORN": 0.8061109648565163, "Pulsar": 0.7688947247546755, "Hama": 0.6524612297671535, "S4": 0.7229086926750934, "CloudStack": 0.7419803174030628, "Hudi": 0.7850916195706448, "Airavata": 0.7172074764405854, "Isis": 0.6087759739253729, "Openmeetings": 0.6881678658896029, "Zipkin": 0.7066187281132932, "ActiveMQ": 0.6914343177567541, "Alois": 0.6228050016692104, "Flink": 0.7224313262074363, "Eagle": 0.730449089285197, "Phoenix": 0.7257833144169789, "climate": 0.7640057975676442, "Roller": 0.7252649987751835, "Accumulo": 0.7051461051736957, "Usergrid": 0.7402840457449742, "pubscribe": 0.7120827402645624, "Pinot": 0.732838720555925, "Tez": 0.7062308798297184, "Pirk": 0.7433482436251743, "Ivy": 0.6700856371698999, "Wicket": 0.7199435436832302, "APISIX": 0.7800744927673354, "Metron": 0.7514222485452505, "Lucy": 0.6885054270778275, "S2Graph": 0.710779749599685, "Rya": 0.7459031034937592, "Knox": 0.6686564260929581, "Syncope": 0.7339750738392149, "Storm": 0.7700209136900132, "Heraldry": 0.7278484772455182, "Bigtop": 0.733883743258483, "Aurora": 0.7416078091611228, "Lokahi": 0.6633077515979711, "MRUnit": 0.8278155479824195, "Flume": 0.6905988615745369, "Mesos": 0.6669112823693932, "Gora": 0.7702726793113314, "jclouds": 0.6452992966908545, "JuiCE": 0.897304589857598, "Nutch": 0.7084847032292704, "Libcloud": 0.7648030441543731, "iBATIS": 0.8227576966848758, "Beam": 0.7623458406019916, "bval": 0.7648748524032275, "Stratos": 0.7394294561866592, "Curator": 0.6380610825346954, "cTAKES": 0.74385971734398, "Amaterasu": 0.6908016190018395, "Fineract": 0.6745561718074359, "Any23": 0.708522347914273, "trafficserver": 0.7319224004895201, "Fluo": 0.6797673582927632, "wadi": 0.6146469561596367, "Nuvem": 0.750412344211334, "ShardingSphere": 0.7983621827371248, "DataSketches": 0.6784125411775322, "Beehive": 0.7533433403193264, "AWF": 0.7968343170565784, "Sqoop": 0.7014798473239797, "Abdera": 0.6817999352881139, "SIS": 0.7578018475628774, "Groovy": 0.6750245925864666, "CommonsRDF": 0.7147540104965756, "Directory": 0.7480753113655372, "AsterixDB": 0.6944857536967708, "DolphinScheduler": 0.7794733871513566, "Agila": 0.7482974661699116, "RCF": 0.0, "Juneau": 0.6004955035681818, "Falcon": 0.737330376377594, "Calcite": 0.684510747754066, "Brooklyn": 0.7289816174849316, "Warble": 0.6912448306508846, "Griffin": 0.6690363839782215, "TripleSoup": 0.7073953665757083, "Kudu": 0.7026972403017852, "Subversion": 0.7832407819692996, "MyFaces": 0.775635625839232, "Whirr": 0.7159295897447584, "Cordova": 0.778771530881632, "Ignite": 0.7172170633375285, "Composer": 0.7131456621472486, "Pig": 0.69786940439498, "Spark": 0.8100211385253097, "NiFi": 0.7139416296988759, "Cayenne": 0.6382473914288884, "Geode": 0.7180107031701995, "struts": 0.7527841900902298, "Crunch": 0.7218575958810055, "Kabuki": 0.0, "Concerted": 0.8362946945115187}